timestamp,lidar_mm,theta,packet_count,late_wakeup_count,skipped_cycle_count
21:55:52.110349.0,276,-1.7940013408660889,200,1,154
21:55:52.110349.1,271,-1.7940013408660889,200,1,154
21:55:52.110349.2,283,-1.7940013408660889,200,1,154
21:55:52.110349.3,288,-1.7940013408660889,200,1,154
21:55:52.110349.4,275,-1.7940013408660889,200,1,154
21:55:52.110349.5,282,-1.7940013408660889,200,1,154
21:55:52.110349.6,289,-1.7940013408660889,200,1,154
21:55:52.110349.7,288,-1.7940013408660889,200,1,154
21:55:52.110349.8,284,-1.7940013408660889,200,1,154
21:55:52.110349.9,288,-1.7940013408660889,200,1,154
21:55:52.110349.10,265,-1.7940013408660889,200,1,154
21:55:52.110349.11,266,-1.7940013408660889,200,1,154
21:55:52.110349.12,285,-1.7940013408660889,200,1,154
21:55:52.110349.13,266,-1.7940013408660889,200,1,154
21:55:52.110349.14,292,-1.7940013408660889,200,1,154
21:55:52.110349.15,271,-1.7940013408660889,200,1,154
21:55:52.153626.0,281,1.0666933059692383,201,1,154
21:55:52.153626.1,282,1.0666933059692383,201,1,154
21:55:52.153626.2,282,1.0666933059692383,201,1,154
21:55:52.153626.3,284,1.0666933059692383,201,1,154
21:55:52.153626.4,273,1.0666933059692383,201,1,154
21:55:52.153626.5,296,1.0666933059692383,201,1,154
21:55:52.153626.6,296,1.0666933059692383,201,1,154
21:55:52.153626.7,283,1.0666933059692383,201,1,154
21:55:52.153626.8,286,1.0666933059692383,201,1,154
21:55:52.153626.9,285,1.0666933059692383,201,1,154
21:55:52.153626.10,284,1.0666933059692383,201,1,154
21:55:52.153626.11,288,1.0666933059692383,201,1,154
21:55:52.153626.12,253,1.0666933059692383,201,1,154
21:55:52.153626.13,276,1.0666933059692383,201,1,154
21:55:52.153626.14,282,1.0666933059692383,201,1,154
21:55:52.153626.15,270,1.0666933059692383,201,1,154
21:55:52.202120.0,287,-2.2297849655151367,202,1,154
21:55:52.202120.1,284,-2.2297849655151367,202,1,154
21:55:52.202120.2,288,-2.2297849655151367,202,1,154
21:55:52.202120.3,271,-2.2297849655151367,202,1,154
21:55:52.202120.4,269,-2.2297849655151367,202,1,154
21:55:52.202120.5,264,-2.2297849655151367,202,1,154
21:55:52.202120.6,285,-2.2297849655151367,202,1,154
21:55:52.202120.7,266,-2.2297849655151367,202,1,154
21:55:52.202120.8,294,-2.2297849655151367,202,1,154
21:55:52.202120.9,269,-2.2297849655151367,202,1,154
21:55:52.202120.10,270,-2.2297849655151367,202,1,154
21:55:52.202120.11,286,-2.2297849655151367,202,1,154
21:55:52.202120.12,271,-2.2297849655151367,202,1,154
21:55:52.202120.13,279,-2.2297849655151367,202,1,154
21:55:52.202120.14,290,-2.2297849655151367,202,1,154
21:55:52.202120.15,269,-2.2297849655151367,202,1,154
21:55:52.248625.0,270,1.0667593479156494,203,1,154
21:55:52.248625.1,289,1.0667593479156494,203,1,154
21:55:52.248625.2,279,1.0667593479156494,203,1,154
21:55:52.248625.3,65535,1.0667593479156494,203,1,154
21:55:52.248625.4,284,1.0667593479156494,203,1,154
21:55:52.248625.5,279,1.0667593479156494,203,1,154
21:55:52.248625.6,285,1.0667593479156494,203,1,154
21:55:52.248625.7,281,1.0667593479156494,203,1,154
21:55:52.248625.8,282,1.0667593479156494,203,1,154
21:55:52.248625.9,265,1.0667593479156494,203,1,154
21:55:52.248625.10,283,1.0667593479156494,203,1,154
21:55:52.248625.11,287,1.0667593479156494,203,1,154
21:55:52.248625.12,266,1.0667593479156494,203,1,154
21:55:52.248625.13,300,1.0667593479156494,203,1,154
21:55:52.248625.14,284,1.0667593479156494,203,1,154
21:55:52.248625.15,276,1.0667593479156494,203,1,154
21:55:52.298675.0,276,4.390480995178223,204,1,154
21:55:52.298675.1,281,4.390480995178223,204,1,154
21:55:52.298675.2,278,4.390480995178223,204,1,154
21:55:52.298675.3,281,4.390480995178223,204,1,154
21:55:52.298675.4,282,4.390480995178223,204,1,154
21:55:52.298675.5,279,4.390480995178223,204,1,154
21:55:52.298675.6,286,4.390480995178223,204,1,154
21:55:52.298675.7,283,4.390480995178223,204,1,154
21:55:52.298675.8,260,4.390480995178223,204,1,154
21:55:52.298675.9,275,4.390480995178223,204,1,154
21:55:52.298675.10,288,4.390480995178223,204,1,154
21:55:52.298675.11,282,4.390480995178223,204,1,154
21:55:52.298675.12,288,4.390480995178223,204,1,154
21:55:52.298675.13,285,4.390480995178223,204,1,154
21:55:52.298675.14,283,4.390480995178223,204,1,154
21:55:52.298675.15,281,4.390480995178223,204,1,154
21:55:52.348727.0,284,1.4038386344909668,205,1,154
21:55:52.348727.1,276,1.4038386344909668,205,1,154
21:55:52.348727.2,278,1.4038386344909668,205,1,154
21:55:52.348727.3,281,1.4038386344909668,205,1,154
21:55:52.348727.4,283,1.4038386344909668,205,1,154
21:55:52.348727.5,273,1.4038386344909668,205,1,154
21:55:52.348727.6,274,1.4038386344909668,205,1,154
21:55:52.348727.7,297,1.4038386344909668,205,1,154
21:55:52.348727.8,289,1.4038386344909668,205,1,154
21:55:52.348727.9,260,1.4038386344909668,205,1,154
21:55:52.348727.10,289,1.4038386344909668,205,1,154
21:55:52.348727.11,268,1.4038386344909668,205,1,154
21:55:52.348727.12,283,1.4038386344909668,205,1,154
21:55:52.348727.13,278,1.4038386344909668,205,1,154
21:55:52.348727.14,293,1.4038386344909668,205,1,154
21:55:52.348727.15,284,1.4038386344909668,205,1,154
21:55:52.404272.0,283,4.291719436645508,206,1,154
21:55:52.404272.1,65535,4.291719436645508,206,1,154
21:55:52.404272.2,284,4.291719436645508,206,1,154
21:55:52.404272.3,286,4.291719436645508,206,1,154
21:55:52.404272.4,286,4.291719436645508,206,1,154
21:55:52.404272.5,292,4.291719436645508,206,1,154
21:55:52.404272.6,281,4.291719436645508,206,1,154
21:55:52.404272.7,284,4.291719436645508,206,1,154
21:55:52.404272.8,65535,4.291719436645508,206,1,154
21:55:52.404272.9,290,4.291719436645508,206,1,154
21:55:52.404272.10,279,4.291719436645508,206,1,154
21:55:52.404272.11,281,4.291719436645508,206,1,154
21:55:52.404272.12,274,4.291719436645508,206,1,154
21:55:52.404272.13,275,4.291719436645508,206,1,154
21:55:52.404272.14,265,4.291719436645508,206,1,154
21:55:52.404272.15,286,4.291719436645508,206,1,154
21:55:52.453350.0,294,1.0496633052825928,207,1,154
21:55:52.453350.1,274,1.0496633052825928,207,1,154
21:55:52.453350.2,263,1.0496633052825928,207,1,154
21:55:52.453350.3,283,1.0496633052825928,207,1,154
21:55:52.453350.4,283,1.0496633052825928,207,1,154
21:55:52.453350.5,271,1.0496633052825928,207,1,154
21:55:52.453350.6,65535,1.0496633052825928,207,1,154
21:55:52.453350.7,286,1.0496633052825928,207,1,154
21:55:52.453350.8,274,1.0496633052825928,207,1,154
21:55:52.453350.9,65535,1.0496633052825928,207,1,154
21:55:52.453350.10,284,1.0496633052825928,207,1,154
21:55:52.453350.11,281,1.0496633052825928,207,1,154
21:55:52.453350.12,65535,1.0496633052825928,207,1,154
21:55:52.453350.13,285,1.0496633052825928,207,1,154
21:55:52.453350.14,282,1.0496633052825928,207,1,154
21:55:52.453350.15,274,1.0496633052825928,207,1,154
21:55:52.512783.0,303,-2.192392110824585,208,1,154
21:55:52.512783.1,303,-2.192392110824585,208,1,154
21:55:52.512783.2,289,-2.192392110824585,208,1,154
21:55:52.512783.3,65535,-2.192392110824585,208,1,154
21:55:52.512783.4,289,-2.192392110824585,208,1,154
21:55:52.512783.5,289,-2.192392110824585,208,1,154
21:55:52.512783.6,284,-2.192392110824585,208,1,154
21:55:52.512783.7,275,-2.192392110824585,208,1,154
21:55:52.512783.8,289,-2.192392110824585,208,1,154
21:55:52.512783.9,269,-2.192392110824585,208,1,154
21:55:52.512783.10,65535,-2.192392110824585,208,1,154
21:55:52.512783.11,270,-2.192392110824585,208,1,154
21:55:52.512783.12,289,-2.192392110824585,208,1,154
21:55:52.512783.13,274,-2.192392110824585,208,1,154
21:55:52.512783.14,296,-2.192392110824585,208,1,154
21:55:52.512783.15,284,-2.192392110824585,208,1,154
21:55:52.553111.0,273,-4.998542785644531,209,1,154
21:55:52.553111.1,65535,-4.998542785644531,209,1,154
21:55:52.553111.2,294,-4.998542785644531,209,1,154
21:55:52.553111.3,278,-4.998542785644531,209,1,154
21:55:52.553111.4,285,-4.998542785644531,209,1,154
21:55:52.553111.5,302,-4.998542785644531,209,1,154
21:55:52.553111.6,287,-4.998542785644531,209,1,154
21:55:52.553111.7,282,-4.998542785644531,209,1,154
21:55:52.553111.8,65535,-4.998542785644531,209,1,154
21:55:52.553111.9,294,-4.998542785644531,209,1,154
21:55:52.553111.10,286,-4.998542785644531,209,1,154
21:55:52.553111.11,65535,-4.998542785644531,209,1,154
21:55:52.553111.12,285,-4.998542785644531,209,1,154
21:55:52.553111.13,285,-4.998542785644531,209,1,154
21:55:52.553111.14,65535,-4.998542785644531,209,1,154
21:55:52.553111.15,288,-4.998542785644531,209,1,154
21:55:52.613411.0,273,-1.647510051727295,210,1,154
21:55:52.613411.1,282,-1.647510051727295,210,1,154
21:55:52.613411.2,275,-1.647510051727295,210,1,154
21:55:52.613411.3,282,-1.647510051727295,210,1,154
21:55:52.613411.4,285,-1.647510051727295,210,1,154
21:55:52.613411.5,65535,-1.647510051727295,210,1,154
21:55:52.613411.6,278,-1.647510051727295,210,1,154
21:55:52.613411.7,276,-1.647510051727295,210,1,154
21:55:52.613411.8,275,-1.647510051727295,210,1,154
21:55:52.613411.9,289,-1.647510051727295,210,1,154
21:55:52.613411.10,281,-1.647510051727295,210,1,154
21:55:52.613411.11,283,-1.647510051727295,210,1,154
21:55:52.613411.12,65535,-1.647510051727295,210,1,154
21:55:52.613411.13,279,-1.647510051727295,210,1,154
21:55:52.613411.14,279,-1.647510051727295,210,1,154
21:55:52.613411.15,273,-1.647510051727295,210,1,154
21:55:52.654565.0,283,1.2785128355026245,211,1,154
21:55:52.654565.1,290,1.2785128355026245,211,1,154
21:55:52.654565.2,279,1.2785128355026245,211,1,154
21:55:52.654565.3,65535,1.2785128355026245,211,1,154
21:55:52.654565.4,263,1.2785128355026245,211,1,154
21:55:52.654565.5,278,1.2785128355026245,211,1,154
21:55:52.654565.6,295,1.2785128355026245,211,1,154
21:55:52.654565.7,294,1.2785128355026245,211,1,154
21:55:52.654565.8,284,1.2785128355026245,211,1,154
21:55:52.654565.9,295,1.2785128355026245,211,1,154
21:55:52.654565.10,65535,1.2785128355026245,211,1,154
21:55:52.654565.11,278,1.2785128355026245,211,1,154
21:55:52.654565.12,271,1.2785128355026245,211,1,154
21:55:52.654565.13,285,1.2785128355026245,211,1,154
21:55:52.654565.14,278,1.2785128355026245,211,1,154
21:55:52.654565.15,284,1.2785128355026245,211,1,154
21:55:52.698555.0,298,3.8122220039367676,212,1,154
21:55:52.698555.1,65535,3.8122220039367676,212,1,154
21:55:52.698555.2,276,3.8122220039367676,212,1,154
21:55:52.698555.3,296,3.8122220039367676,212,1,154
21:55:52.698555.4,269,3.8122220039367676,212,1,154
21:55:52.698555.5,279,3.8122220039367676,212,1,154
21:55:52.698555.6,282,3.8122220039367676,212,1,154
21:55:52.698555.7,268,3.8122220039367676,212,1,154
21:55:52.698555.8,65535,3.8122220039367676,212,1,154
21:55:52.698555.9,289,3.8122220039367676,212,1,154
21:55:52.698555.10,265,3.8122220039367676,212,1,154
21:55:52.698555.11,278,3.8122220039367676,212,1,154
21:55:52.698555.12,295,3.8122220039367676,212,1,154
21:55:52.698555.13,279,3.8122220039367676,212,1,154
21:55:52.698555.14,287,3.8122220039367676,212,1,154
21:55:52.698555.15,65535,3.8122220039367676,212,1,154
21:55:52.747000.0,276,0.9345592856407166,213,1,154
21:55:52.747000.1,278,0.9345592856407166,213,1,154
21:55:52.747000.2,282,0.9345592856407166,213,1,154
21:55:52.747000.3,284,0.9345592856407166,213,1,154
21:55:52.747000.4,283,0.9345592856407166,213,1,154
21:55:52.747000.5,266,0.9345592856407166,213,1,154
21:55:52.747000.6,65535,0.9345592856407166,213,1,154
21:55:52.747000.7,281,0.9345592856407166,213,1,154
21:55:52.747000.8,274,0.9345592856407166,213,1,154
21:55:52.747000.9,269,0.9345592856407166,213,1,154
21:55:52.747000.10,299,0.9345592856407166,213,1,154
21:55:52.747000.11,270,0.9345592856407166,213,1,154
21:55:52.747000.12,276,0.9345592856407166,213,1,154
21:55:52.747000.13,281,0.9345592856407166,213,1,154
21:55:52.747000.14,292,0.9345592856407166,213,1,154
21:55:52.747000.15,287,0.9345592856407166,213,1,154
21:55:52.847153.0,289,1.615663766860962,215,1,154
21:55:52.847153.1,276,1.615663766860962,215,1,154
21:55:52.847153.2,282,1.615663766860962,215,1,154
21:55:52.847153.3,289,1.615663766860962,215,1,154
21:55:52.847153.4,275,1.615663766860962,215,1,154
21:55:52.847153.5,273,1.615663766860962,215,1,154
21:55:52.847153.6,293,1.615663766860962,215,1,154
21:55:52.847153.7,285,1.615663766860962,215,1,154
21:55:52.847153.8,285,1.615663766860962,215,1,154
21:55:52.847153.9,287,1.615663766860962,215,1,154
21:55:52.847153.10,283,1.615663766860962,215,1,154
21:55:52.847153.11,287,1.615663766860962,215,1,154
21:55:52.847153.12,65535,1.615663766860962,215,1,154
21:55:52.847153.13,278,1.615663766860962,215,1,154
21:55:52.847153.14,285,1.615663766860962,215,1,154
21:55:52.847153.15,251,1.615663766860962,215,1,154
21:55:52.903448.0,281,4.558034420013428,216,1,154
21:55:52.903448.1,282,4.558034420013428,216,1,154
21:55:52.903448.2,279,4.558034420013428,216,1,154
21:55:52.903448.3,274,4.558034420013428,216,1,154
21:55:52.903448.4,271,4.558034420013428,216,1,154
21:55:52.903448.5,276,4.558034420013428,216,1,154
21:55:52.903448.6,284,4.558034420013428,216,1,154
21:55:52.903448.7,258,4.558034420013428,216,1,154
21:55:52.903448.8,284,4.558034420013428,216,1,154
21:55:52.903448.9,307,4.558034420013428,216,1,154
21:55:52.903448.10,269,4.558034420013428,216,1,154
21:55:52.903448.11,287,4.558034420013428,216,1,154
21:55:52.903448.12,288,4.558034420013428,216,1,154
21:55:52.903448.13,260,4.558034420013428,216,1,154
21:55:52.903448.14,287,4.558034420013428,216,1,154
21:55:52.903448.15,293,4.558034420013428,216,1,154
21:55:52.949812.0,275,1.7076128721237183,217,1,154
21:55:52.949812.1,271,1.7076128721237183,217,1,154
21:55:52.949812.2,274,1.7076128721237183,217,1,154
21:55:52.949812.3,284,1.7076128721237183,217,1,154
21:55:52.949812.4,284,1.7076128721237183,217,1,154
21:55:52.949812.5,266,1.7076128721237183,217,1,154
21:55:52.949812.6,293,1.7076128721237183,217,1,154
21:55:52.949812.7,298,1.7076128721237183,217,1,154
21:55:52.949812.8,274,1.7076128721237183,217,1,154
21:55:52.949812.9,284,1.7076128721237183,217,1,154
21:55:52.949812.10,294,1.7076128721237183,217,1,154
21:55:52.949812.11,295,1.7076128721237183,217,1,154
21:55:52.949812.12,293,1.7076128721237183,217,1,154
21:55:52.949812.13,285,1.7076128721237183,217,1,154
21:55:52.949812.14,65535,1.7076128721237183,217,1,154
21:55:52.949812.15,274,1.7076128721237183,217,1,154
21:55:52.998993.0,286,-1.4254662990570068,218,1,154
21:55:52.998993.1,275,-1.4254662990570068,218,1,154
21:55:52.998993.2,274,-1.4254662990570068,218,1,154
21:55:52.998993.3,266,-1.4254662990570068,218,1,154
21:55:52.998993.4,287,-1.4254662990570068,218,1,154
21:55:52.998993.5,279,-1.4254662990570068,218,1,154
21:55:52.998993.6,281,-1.4254662990570068,218,1,154
21:55:52.998993.7,273,-1.4254662990570068,218,1,154
21:55:52.998993.8,65535,-1.4254662990570068,218,1,154
21:55:52.998993.9,284,-1.4254662990570068,218,1,154
21:55:52.998993.10,290,-1.4254662990570068,218,1,154
21:55:52.998993.11,279,-1.4254662990570068,218,1,154
21:55:52.998993.12,285,-1.4254662990570068,218,1,154
21:55:52.998993.13,295,-1.4254662990570068,218,1,154
21:55:52.998993.14,286,-1.4254662990570068,218,1,154
21:55:52.998993.15,276,-1.4254662990570068,218,1,154
21:55:53.048843.0,65535,-4.1226372718811035,219,1,154
21:55:53.048843.1,281,-4.1226372718811035,219,1,154
21:55:53.048843.2,287,-4.1226372718811035,219,1,154
21:55:53.048843.3,279,-4.1226372718811035,219,1,154
21:55:53.048843.4,282,-4.1226372718811035,219,1,154
21:55:53.048843.5,289,-4.1226372718811035,219,1,154
21:55:53.048843.6,282,-4.1226372718811035,219,1,154
21:55:53.048843.7,65535,-4.1226372718811035,219,1,154
21:55:53.048843.8,287,-4.1226372718811035,219,1,154
21:55:53.048843.9,285,-4.1226372718811035,219,1,154
21:55:53.048843.10,274,-4.1226372718811035,219,1,154
21:55:53.048843.11,268,-4.1226372718811035,219,1,154
21:55:53.048843.12,289,-4.1226372718811035,219,1,154
21:55:53.048843.13,274,-4.1226372718811035,219,1,154
21:55:53.048843.14,65535,-4.1226372718811035,219,1,154
21:55:53.048843.15,287,-4.1226372718811035,219,1,154
21:55:53.098451.0,65535,-0.9452840089797974,220,1,154
21:55:53.098451.1,271,-0.9452840089797974,220,1,154
21:55:53.098451.2,282,-0.9452840089797974,220,1,154
21:55:53.098451.3,283,-0.9452840089797974,220,1,154
21:55:53.098451.4,65535,-0.9452840089797974,220,1,154
21:55:53.098451.5,274,-0.9452840089797974,220,1,154
21:55:53.098451.6,289,-0.9452840089797974,220,1,154
21:55:53.098451.7,276,-0.9452840089797974,220,1,154
21:55:53.098451.8,271,-0.9452840089797974,220,1,154
21:55:53.098451.9,295,-0.9452840089797974,220,1,154
21:55:53.098451.10,65535,-0.9452840089797974,220,1,154
21:55:53.098451.11,290,-0.9452840089797974,220,1,154
21:55:53.098451.12,283,-0.9452840089797974,220,1,154
21:55:53.098451.13,283,-0.9452840089797974,220,1,154
21:55:53.098451.14,271,-0.9452840089797974,220,1,154
21:55:53.098451.15,294,-0.9452840089797974,220,1,154
21:55:53.153426.0,282,-4.051119804382324,221,1,154
21:55:53.153426.1,289,-4.051119804382324,221,1,154
21:55:53.153426.2,282,-4.051119804382324,221,1,154
21:55:53.153426.3,273,-4.051119804382324,221,1,154
21:55:53.153426.4,281,-4.051119804382324,221,1,154
21:55:53.153426.5,269,-4.051119804382324,221,1,154
21:55:53.153426.6,297,-4.051119804382324,221,1,154
21:55:53.153426.7,288,-4.051119804382324,221,1,154
21:55:53.153426.8,285,-4.051119804382324,221,1,154
21:55:53.153426.9,65535,-4.051119804382324,221,1,154
21:55:53.153426.10,275,-4.051119804382324,221,1,154
21:55:53.153426.11,284,-4.051119804382324,221,1,154
21:55:53.153426.12,283,-4.051119804382324,221,1,154
21:55:53.153426.13,268,-4.051119804382324,221,1,154
21:55:53.153426.14,285,-4.051119804382324,221,1,154
21:55:53.153426.15,294,-4.051119804382324,221,1,154
21:55:53.200664.0,65535,-0.8465254902839661,222,1,154
21:55:53.200664.1,283,-0.8465254902839661,222,1,154
21:55:53.200664.2,65535,-0.8465254902839661,222,1,154
21:55:53.200664.3,289,-0.8465254902839661,222,1,154
21:55:53.200664.4,282,-0.8465254902839661,222,1,154
21:55:53.200664.5,275,-0.8465254902839661,222,1,154
21:55:53.200664.6,65535,-0.8465254902839661,222,1,154
21:55:53.200664.7,264,-0.8465254902839661,222,1,154
21:55:53.200664.8,290,-0.8465254902839661,222,1,154
21:55:53.200664.9,274,-0.8465254902839661,222,1,154
21:55:53.200664.10,286,-0.8465254902839661,222,1,154
21:55:53.200664.11,292,-0.8465254902839661,222,1,154
21:55:53.200664.12,278,-0.8465254902839661,222,1,154
21:55:53.200664.13,65535,-0.8465254902839661,222,1,154
21:55:53.200664.14,274,-0.8465254902839661,222,1,154
21:55:53.200664.15,278,-0.8465254902839661,222,1,154
21:55:53.256484.0,288,-3.897871971130371,223,1,154
21:55:53.256484.1,273,-3.897871971130371,223,1,154
21:55:53.256484.2,284,-3.897871971130371,223,1,154
21:55:53.256484.3,288,-3.897871971130371,223,1,154
21:55:53.256484.4,65535,-3.897871971130371,223,1,154
21:55:53.256484.5,274,-3.897871971130371,223,1,154
21:55:53.256484.6,283,-3.897871971130371,223,1,154
21:55:53.256484.7,278,-3.897871971130371,223,1,154
21:55:53.256484.8,281,-3.897871971130371,223,1,154
21:55:53.256484.9,279,-3.897871971130371,223,1,154
21:55:53.256484.10,281,-3.897871971130371,223,1,154
21:55:53.256484.11,65535,-3.897871971130371,223,1,154
21:55:53.256484.12,283,-3.897871971130371,223,1,154
21:55:53.256484.13,282,-3.897871971130371,223,1,154
21:55:53.256484.14,290,-3.897871971130371,223,1,154
21:55:53.256484.15,270,-3.897871971130371,223,1,154
21:55:53.296619.0,274,-0.6387885808944702,224,1,154
21:55:53.296619.1,286,-0.6387885808944702,224,1,154
21:55:53.296619.2,275,-0.6387885808944702,224,1,154
21:55:53.296619.3,65535,-0.6387885808944702,224,1,154
21:55:53.296619.4,281,-0.6387885808944702,224,1,154
21:55:53.296619.5,275,-0.6387885808944702,224,1,154
21:55:53.296619.6,299,-0.6387885808944702,224,1,154
21:55:53.296619.7,65534,-0.6387885808944702,224,1,154
21:55:53.296619.8,65534,-0.6387885808944702,224,1,154
21:55:53.296619.9,65534,-0.6387885808944702,224,1,154
21:55:53.296619.10,65534,-0.6387885808944702,224,1,154
21:55:53.296619.11,65534,-0.6387885808944702,224,1,154
21:55:53.296619.12,65534,-0.6387885808944702,224,1,154
21:55:53.296619.13,65534,-0.6387885808944702,224,1,154
21:55:53.296619.14,65534,-0.6387885808944702,224,1,154
21:55:53.296619.15,65534,-0.6387885808944702,224,1,154
21:55:53.347268.0,275,-3.6628899574279785,225,1,154
21:55:53.347268.1,273,-3.6628899574279785,225,1,154
21:55:53.347268.2,279,-3.6628899574279785,225,1,154
21:55:53.347268.3,65535,-3.6628899574279785,225,1,154
21:55:53.347268.4,275,-3.6628899574279785,225,1,154
21:55:53.347268.5,284,-3.6628899574279785,225,1,154
21:55:53.347268.6,288,-3.6628899574279785,225,1,154
21:55:53.347268.7,281,-3.6628899574279785,225,1,154
21:55:53.347268.8,275,-3.6628899574279785,225,1,154
21:55:53.347268.9,279,-3.6628899574279785,225,1,154
21:55:53.347268.10,65535,-3.6628899574279785,225,1,154
21:55:53.347268.11,269,-3.6628899574279785,225,1,154
21:55:53.347268.12,286,-3.6628899574279785,225,1,154
21:55:53.347268.13,283,-3.6628899574279785,225,1,154
21:55:53.347268.14,283,-3.6628899574279785,225,1,154
21:55:53.347268.15,283,-3.6628899574279785,225,1,154
21:55:53.397270.0,288,-0.5025672912597656,226,1,154
21:55:53.397270.1,65535,-0.5025672912597656,226,1,154
21:55:53.397270.2,276,-0.5025672912597656,226,1,154
21:55:53.397270.3,285,-0.5025672912597656,226,1,154
21:55:53.397270.4,292,-0.5025672912597656,226,1,154
21:55:53.397270.5,283,-0.5025672912597656,226,1,154
21:55:53.397270.6,265,-0.5025672912597656,226,1,154
21:55:53.397270.7,266,-0.5025672912597656,226,1,154
21:55:53.397270.8,65535,-0.5025672912597656,226,1,154
21:55:53.397270.9,284,-0.5025672912597656,226,1,154
21:55:53.397270.10,299,-0.5025672912597656,226,1,154
21:55:53.397270.11,292,-0.5025672912597656,226,1,154
21:55:53.397270.12,285,-0.5025672912597656,226,1,154
21:55:53.397270.13,293,-0.5025672912597656,226,1,154
21:55:53.397270.14,297,-0.5025672912597656,226,1,154
21:55:53.397270.15,65535,-0.5025672912597656,226,1,154
21:55:53.447287.0,296,-3.499424695968628,227,1,154
21:55:53.447287.1,285,-3.499424695968628,227,1,154
21:55:53.447287.2,286,-3.499424695968628,227,1,154
21:55:53.447287.3,286,-3.499424695968628,227,1,154
21:55:53.447287.4,283,-3.499424695968628,227,1,154
21:55:53.447287.5,293,-3.499424695968628,227,1,154
21:55:53.447287.6,65535,-3.499424695968628,227,1,154
21:55:53.447287.7,265,-3.499424695968628,227,1,154
21:55:53.447287.8,278,-3.499424695968628,227,1,154
21:55:53.447287.9,276,-3.499424695968628,227,1,154
21:55:53.447287.10,290,-3.499424695968628,227,1,154
21:55:53.447287.11,282,-3.499424695968628,227,1,154
21:55:53.447287.12,265,-3.499424695968628,227,1,154
21:55:53.447287.13,65535,-3.499424695968628,227,1,154
21:55:53.447287.14,283,-3.499424695968628,227,1,154
21:55:53.447287.15,282,-3.499424695968628,227,1,154
21:55:53.496982.0,265,-0.18585139513015747,228,1,154
21:55:53.496982.1,271,-0.18585139513015747,228,1,154
21:55:53.496982.2,284,-0.18585139513015747,228,1,154
21:55:53.496982.3,269,-0.18585139513015747,228,1,154
21:55:53.496982.4,65535,-0.18585139513015747,228,1,154
21:55:53.496982.5,290,-0.18585139513015747,228,1,154
21:55:53.496982.6,287,-0.18585139513015747,228,1,154
21:55:53.496982.7,293,-0.18585139513015747,228,1,154
21:55:53.496982.8,283,-0.18585139513015747,228,1,154
21:55:53.496982.9,289,-0.18585139513015747,228,1,154
21:55:53.496982.10,270,-0.18585139513015747,228,1,154
21:55:53.496982.11,65535,-0.18585139513015747,228,1,154
21:55:53.496982.12,278,-0.18585139513015747,228,1,154
21:55:53.496982.13,297,-0.18585139513015747,228,1,154
21:55:53.496982.14,282,-0.18585139513015747,228,1,154
21:55:53.496982.15,276,-0.18585139513015747,228,1,154
21:55:53.553629.0,284,2.9929981231689453,229,1,154
21:55:53.553629.1,286,2.9929981231689453,229,1,154
21:55:53.553629.2,65535,2.9929981231689453,229,1,154
21:55:53.553629.3,292,2.9929981231689453,229,1,154
21:55:53.553629.4,282,2.9929981231689453,229,1,154
21:55:53.553629.5,283,2.9929981231689453,229,1,154
21:55:53.553629.6,265,2.9929981231689453,229,1,154
21:55:53.553629.7,286,2.9929981231689453,229,1,154
21:55:53.553629.8,287,2.9929981231689453,229,1,154
21:55:53.553629.9,65535,2.9929981231689453,229,1,154
21:55:53.553629.10,286,2.9929981231689453,229,1,154
21:55:53.553629.11,271,2.9929981231689453,229,1,154
21:55:53.553629.12,65535,2.9929981231689453,229,1,154
21:55:53.553629.13,283,2.9929981231689453,229,1,154
21:55:53.553629.14,282,2.9929981231689453,229,1,154
21:55:53.553629.15,65535,2.9929981231689453,229,1,154
21:55:53.596905.0,287,5.308755397796631,230,1,154
21:55:53.596905.1,254,5.308755397796631,230,1,154
21:55:53.596905.2,271,5.308755397796631,230,1,154
21:55:53.596905.3,268,5.308755397796631,230,1,154
21:55:53.596905.4,271,5.308755397796631,230,1,154
21:55:53.596905.5,270,5.308755397796631,230,1,154
21:55:53.596905.6,65535,5.308755397796631,230,1,154
21:55:53.596905.7,274,5.308755397796631,230,1,154
21:55:53.596905.8,285,5.308755397796631,230,1,154
21:55:53.596905.9,296,5.308755397796631,230,1,154
21:55:53.596905.10,288,5.308755397796631,230,1,154
21:55:53.596905.11,281,5.308755397796631,230,1,154
21:55:53.596905.12,283,5.308755397796631,230,1,154
21:55:53.596905.13,65535,5.308755397796631,230,1,154
21:55:53.596905.14,286,5.308755397796631,230,1,154
21:55:53.596905.15,288,5.308755397796631,230,1,154
21:55:53.649261.0,281,2.339141368865967,231,1,154
21:55:53.649261.1,265,2.339141368865967,231,1,154
21:55:53.649261.2,294,2.339141368865967,231,1,154
21:55:53.649261.3,289,2.339141368865967,231,1,154
21:55:53.649261.4,299,2.339141368865967,231,1,154
21:55:53.649261.5,268,2.339141368865967,231,1,154
21:55:53.649261.6,289,2.339141368865967,231,1,154
21:55:53.649261.7,275,2.339141368865967,231,1,154
21:55:53.649261.8,293,2.339141368865967,231,1,154
21:55:53.649261.9,273,2.339141368865967,231,1,154
21:55:53.649261.10,285,2.339141368865967,231,1,154
21:55:53.649261.11,270,2.339141368865967,231,1,154
21:55:53.649261.12,286,2.339141368865967,231,1,154
21:55:53.649261.13,276,2.339141368865967,231,1,154
21:55:53.649261.14,286,2.339141368865967,231,1,154
21:55:53.649261.15,286,2.339141368865967,231,1,154
21:55:53.713149.0,275,-0.9846463203430176,232,1,154
21:55:53.713149.1,271,-0.9846463203430176,232,1,154
21:55:53.713149.2,274,-0.9846463203430176,232,1,154
21:55:53.713149.3,290,-0.9846463203430176,232,1,154
21:55:53.713149.4,274,-0.9846463203430176,232,1,154
21:55:53.713149.5,297,-0.9846463203430176,232,1,154
21:55:53.713149.6,286,-0.9846463203430176,232,1,154
21:55:53.713149.7,281,-0.9846463203430176,232,1,154
21:55:53.713149.8,278,-0.9846463203430176,232,1,154
21:55:53.713149.9,295,-0.9846463203430176,232,1,154
21:55:53.713149.10,266,-0.9846463203430176,232,1,154
21:55:53.713149.11,288,-0.9846463203430176,232,1,154
21:55:53.713149.12,263,-0.9846463203430176,232,1,154
21:55:53.713149.13,287,-0.9846463203430176,232,1,154
21:55:53.713149.14,286,-0.9846463203430176,232,1,154
21:55:53.713149.15,295,-0.9846463203430176,232,1,154
21:55:53.754684.0,269,-3.9270167350769043,233,1,154
21:55:53.754684.1,285,-3.9270167350769043,233,1,154
21:55:53.754684.2,284,-3.9270167350769043,233,1,154
21:55:53.754684.3,292,-3.9270167350769043,233,1,154
21:55:53.754684.4,266,-3.9270167350769043,233,1,154
21:55:53.754684.5,274,-3.9270167350769043,233,1,154
21:55:53.754684.6,266,-3.9270167350769043,233,1,154
21:55:53.754684.7,286,-3.9270167350769043,233,1,154
21:55:53.754684.8,282,-3.9270167350769043,233,1,154
21:55:53.754684.9,296,-3.9270167350769043,233,1,154
21:55:53.754684.10,284,-3.9270167350769043,233,1,154
21:55:53.754684.11,288,-3.9270167350769043,233,1,154
21:55:53.754684.12,273,-3.9270167350769043,233,1,154
21:55:53.754684.13,288,-3.9270167350769043,233,1,154
21:55:53.754684.14,288,-3.9270167350769043,233,1,154
21:55:53.754684.15,266,-3.9270167350769043,233,1,154
21:55:53.813858.0,286,-0.6849603056907654,234,1,154
21:55:53.813858.1,279,-0.6849603056907654,234,1,154
21:55:53.813858.2,268,-0.6849603056907654,234,1,154
21:55:53.813858.3,275,-0.6849603056907654,234,1,154
21:55:53.813858.4,286,-0.6849603056907654,234,1,154
21:55:53.813858.5,271,-0.6849603056907654,234,1,154
21:55:53.813858.6,65535,-0.6849603056907654,234,1,154
21:55:53.813858.7,290,-0.6849603056907654,234,1,154
21:55:53.813858.8,273,-0.6849603056907654,234,1,154
21:55:53.813858.9,286,-0.6849603056907654,234,1,154
21:55:53.813858.10,286,-0.6849603056907654,234,1,154
21:55:53.813858.11,282,-0.6849603056907654,234,1,154
21:55:53.813858.12,279,-0.6849603056907654,234,1,154
21:55:53.813858.13,285,-0.6849603056907654,234,1,154
21:55:53.813858.14,282,-0.6849603056907654,234,1,154
21:55:53.813858.15,289,-0.6849603056907654,234,1,154
21:55:53.855777.0,283,-4.0087480545043945,235,1,154
21:55:53.855777.1,283,-4.0087480545043945,235,1,154
21:55:53.855777.2,290,-4.0087480545043945,235,1,154
21:55:53.855777.3,292,-4.0087480545043945,235,1,154
21:55:53.855777.4,275,-4.0087480545043945,235,1,154
21:55:53.855777.5,65535,-4.0087480545043945,235,1,154
21:55:53.855777.6,270,-4.0087480545043945,235,1,154
21:55:53.855777.7,283,-4.0087480545043945,235,1,154
21:55:53.855777.8,242,-4.0087480545043945,235,1,154
21:55:53.855777.9,287,-4.0087480545043945,235,1,154
21:55:53.855777.10,270,-4.0087480545043945,235,1,154
21:55:53.855777.11,279,-4.0087480545043945,235,1,154
21:55:53.855777.12,65535,-4.0087480545043945,235,1,154
21:55:53.855777.13,293,-4.0087480545043945,235,1,154
21:55:53.855777.14,287,-4.0087480545043945,235,1,154
21:55:53.855777.15,274,-4.0087480545043945,235,1,154
21:55:53.947065.0,288,2.0939431190490723,237,1,154
21:55:53.947065.1,290,2.0939431190490723,237,1,154
21:55:53.947065.2,259,2.0939431190490723,237,1,154
21:55:53.947065.3,282,2.0939431190490723,237,1,154
21:55:53.947065.4,284,2.0939431190490723,237,1,154
21:55:53.947065.5,281,2.0939431190490723,237,1,154
21:55:53.947065.6,271,2.0939431190490723,237,1,154
21:55:53.947065.7,276,2.0939431190490723,237,1,154
21:55:53.947065.8,65535,2.0939431190490723,237,1,154
21:55:53.947065.9,292,2.0939431190490723,237,1,154
21:55:53.947065.10,269,2.0939431190490723,237,1,154
21:55:53.947065.11,275,2.0939431190490723,237,1,154
21:55:53.947065.12,281,2.0939431190490723,237,1,154
21:55:53.947065.13,290,2.0939431190490723,237,1,154
21:55:53.947065.14,288,2.0939431190490723,237,1,154
21:55:53.947065.15,65535,2.0939431190490723,237,1,154
21:55:54.046808.0,285,1.9679388999938965,239,1,154
21:55:54.046808.1,283,1.9679388999938965,239,1,154
21:55:54.046808.2,275,1.9679388999938965,239,1,154
21:55:54.046808.3,296,1.9679388999938965,239,1,154
21:55:54.046808.4,65535,1.9679388999938965,239,1,154
21:55:54.046808.5,282,1.9679388999938965,239,1,154
21:55:54.046808.6,290,1.9679388999938965,239,1,154
21:55:54.046808.7,275,1.9679388999938965,239,1,154
21:55:54.046808.8,290,1.9679388999938965,239,1,154
21:55:54.046808.9,290,1.9679388999938965,239,1,154
21:55:54.046808.10,65535,1.9679388999938965,239,1,154
21:55:54.046808.11,276,1.9679388999938965,239,1,154
21:55:54.046808.12,266,1.9679388999938965,239,1,154
21:55:54.046808.13,274,1.9679388999938965,239,1,154
21:55:54.046808.14,286,1.9679388999938965,239,1,154
21:55:54.046808.15,278,1.9679388999938965,239,1,154
21:55:54.104190.0,268,-1.2741162776947021,240,1,154
21:55:54.104190.1,65535,-1.2741162776947021,240,1,154
21:55:54.104190.2,269,-1.2741162776947021,240,1,154
21:55:54.104190.3,292,-1.2741162776947021,240,1,154
21:55:54.104190.4,281,-1.2741162776947021,240,1,154
21:55:54.104190.5,261,-1.2741162776947021,240,1,154
21:55:54.104190.6,276,-1.2741162776947021,240,1,154
21:55:54.104190.7,274,-1.2741162776947021,240,1,154
21:55:54.104190.8,65535,-1.2741162776947021,240,1,154
21:55:54.104190.9,286,-1.2741162776947021,240,1,154
21:55:54.104190.10,290,-1.2741162776947021,240,1,154
21:55:54.104190.11,279,-1.2741162776947021,240,1,154
21:55:54.104190.12,268,-1.2741162776947021,240,1,154
21:55:54.104190.13,269,-1.2741162776947021,240,1,154
21:55:54.104190.14,270,-1.2741162776947021,240,1,154
21:55:54.104190.15,65535,-1.2741162776947021,240,1,154
21:55:54.153924.0,290,-4.1347527503967285,241,1,154
21:55:54.153924.1,282,-4.1347527503967285,241,1,154
21:55:54.153924.2,283,-4.1347527503967285,241,1,154
21:55:54.153924.3,290,-4.1347527503967285,241,1,154
21:55:54.153924.4,288,-4.1347527503967285,241,1,154
21:55:54.153924.5,285,-4.1347527503967285,241,1,154
21:55:54.153924.6,65535,-4.1347527503967285,241,1,154
21:55:54.153924.7,263,-4.1347527503967285,241,1,154
21:55:54.153924.8,276,-4.1347527503967285,241,1,154
21:55:54.153924.9,275,-4.1347527503967285,241,1,154
21:55:54.153924.10,278,-4.1347527503967285,241,1,154
21:55:54.153924.11,289,-4.1347527503967285,241,1,154
21:55:54.153924.12,260,-4.1347527503967285,241,1,154
21:55:54.153924.13,284,-4.1347527503967285,241,1,154
21:55:54.153924.14,305,-4.1347527503967285,241,1,154
21:55:54.153924.15,288,-4.1347527503967285,241,1,154
21:55:54.203193.0,285,-1.0936203002929688,242,1,154
21:55:54.203193.1,282,-1.0936203002929688,242,1,154
21:55:54.203193.2,287,-1.0936203002929688,242,1,154
21:55:54.203193.3,263,-1.0936203002929688,242,1,154
21:55:54.203193.4,274,-1.0936203002929688,242,1,154
21:55:54.203193.5,285,-1.0936203002929688,242,1,154
21:55:54.203193.6,270,-1.0936203002929688,242,1,154
21:55:54.203193.7,283,-1.0936203002929688,242,1,154
21:55:54.203193.8,286,-1.0936203002929688,242,1,154
21:55:54.203193.9,283,-1.0936203002929688,242,1,154
21:55:54.203193.10,275,-1.0936203002929688,242,1,154
21:55:54.203193.11,284,-1.0936203002929688,242,1,154
21:55:54.203193.12,282,-1.0936203002929688,242,1,154
21:55:54.203193.13,287,-1.0936203002929688,242,1,154
21:55:54.203193.14,273,-1.0936203002929688,242,1,154
21:55:54.203193.15,279,-1.0936203002929688,242,1,154
21:55:54.255391.0,283,-4.335676670074463,243,1,154
21:55:54.255391.1,273,-4.335676670074463,243,1,154
21:55:54.255391.2,285,-4.335676670074463,243,1,154
21:55:54.255391.3,295,-4.335676670074463,243,1,154
21:55:54.255391.4,282,-4.335676670074463,243,1,154
21:55:54.255391.5,278,-4.335676670074463,243,1,154
21:55:54.255391.6,283,-4.335676670074463,243,1,154
21:55:54.255391.7,288,-4.335676670074463,243,1,154
21:55:54.255391.8,303,-4.335676670074463,243,1,154
21:55:54.255391.9,279,-4.335676670074463,243,1,154
21:55:54.255391.10,276,-4.335676670074463,243,1,154
21:55:54.255391.11,283,-4.335676670074463,243,1,154
21:55:54.255391.12,282,-4.335676670074463,243,1,154
21:55:54.255391.13,292,-4.335676670074463,243,1,154
21:55:54.255391.14,285,-4.335676670074463,243,1,154
21:55:54.255391.15,286,-4.335676670074463,243,1,154
21:55:54.303515.0,284,-0.9846439361572266,244,1,154
21:55:54.303515.1,283,-0.9846439361572266,244,1,154
21:55:54.303515.2,276,-0.9846439361572266,244,1,154
21:55:54.303515.3,270,-0.9846439361572266,244,1,154
21:55:54.303515.4,270,-0.9846439361572266,244,1,154
21:55:54.303515.5,271,-0.9846439361572266,244,1,154
21:55:54.303515.6,268,-0.9846439361572266,244,1,154
21:55:54.303515.7,293,-0.9846439361572266,244,1,154
21:55:54.303515.8,271,-0.9846439361572266,244,1,154
21:55:54.303515.9,296,-0.9846439361572266,244,1,154
21:55:54.303515.10,283,-0.9846439361572266,244,1,154
21:55:54.303515.11,285,-0.9846439361572266,244,1,154
21:55:54.303515.12,271,-0.9846439361572266,244,1,154
21:55:54.303515.13,264,-0.9846439361572266,244,1,154
21:55:54.303515.14,279,-0.9846439361572266,244,1,154
21:55:54.303515.15,282,-0.9846439361572266,244,1,154
21:55:54.348911.0,282,-4.226700305938721,245,1,154
21:55:54.348911.1,289,-4.226700305938721,245,1,154
21:55:54.348911.2,263,-4.226700305938721,245,1,154
21:55:54.348911.3,282,-4.226700305938721,245,1,154
21:55:54.348911.4,285,-4.226700305938721,245,1,154
21:55:54.348911.5,279,-4.226700305938721,245,1,154
21:55:54.348911.6,268,-4.226700305938721,245,1,154
21:55:54.348911.7,285,-4.226700305938721,245,1,154
21:55:54.348911.8,278,-4.226700305938721,245,1,154
21:55:54.348911.9,286,-4.226700305938721,245,1,154
21:55:54.348911.10,270,-4.226700305938721,245,1,154
21:55:54.348911.11,276,-4.226700305938721,245,1,154
21:55:54.348911.12,275,-4.226700305938721,245,1,154
21:55:54.348911.13,65535,-4.226700305938721,245,1,154
21:55:54.348911.14,266,-4.226700305938721,245,1,154
21:55:54.348911.15,294,-4.226700305938721,245,1,154
21:55:54.399118.0,283,-0.7224162817001343,246,1,154
21:55:54.399118.1,275,-0.7224162817001343,246,1,154
21:55:54.399118.2,286,-0.7224162817001343,246,1,154
21:55:54.399118.3,289,-0.7224162817001343,246,1,154
21:55:54.399118.4,65535,-0.7224162817001343,246,1,154
21:55:54.399118.5,278,-0.7224162817001343,246,1,154
21:55:54.399118.6,274,-0.7224162817001343,246,1,154
21:55:54.399118.7,278,-0.7224162817001343,246,1,154
21:55:54.399118.8,275,-0.7224162817001343,246,1,154
21:55:54.399118.9,290,-0.7224162817001343,246,1,154
21:55:54.399118.10,292,-0.7224162817001343,246,1,154
21:55:54.399118.11,65535,-0.7224162817001343,246,1,154
21:55:54.399118.12,266,-0.7224162817001343,246,1,154
21:55:54.399118.13,256,-0.7224162817001343,246,1,154
21:55:54.399118.14,286,-0.7224162817001343,246,1,154
21:55:54.399118.15,279,-0.7224162817001343,246,1,154
21:55:54.455895.0,294,2.65585994720459,247,1,154
21:55:54.455895.1,273,2.65585994720459,247,1,154
21:55:54.455895.2,65535,2.65585994720459,247,1,154
21:55:54.455895.3,276,2.65585994720459,247,1,154
21:55:54.455895.4,284,2.65585994720459,247,1,154
21:55:54.455895.5,269,2.65585994720459,247,1,154
21:55:54.455895.6,289,2.65585994720459,247,1,154
21:55:54.455895.7,271,2.65585994720459,247,1,154
21:55:54.455895.8,270,2.65585994720459,247,1,154
21:55:54.455895.9,65535,2.65585994720459,247,1,154
21:55:54.455895.10,271,2.65585994720459,247,1,154
21:55:54.455895.11,288,2.65585994720459,247,1,154
21:55:54.455895.12,289,2.65585994720459,247,1,154
21:55:54.455895.13,276,2.65585994720459,247,1,154
21:55:54.455895.14,279,2.65585994720459,247,1,154
21:55:54.455895.15,281,2.65585994720459,247,1,154
21:55:54.503342.0,65535,6.061382293701172,248,1,154
21:55:54.503342.1,292,6.061382293701172,248,1,154
21:55:54.503342.2,302,6.061382293701172,248,1,154
21:55:54.503342.3,284,6.061382293701172,248,1,154
21:55:54.503342.4,290,6.061382293701172,248,1,154
21:55:54.503342.5,279,6.061382293701172,248,1,154
21:55:54.503342.6,275,6.061382293701172,248,1,154
21:55:54.503342.7,65535,6.061382293701172,248,1,154
21:55:54.503342.8,287,6.061382293701172,248,1,154
21:55:54.503342.9,305,6.061382293701172,248,1,154
21:55:54.503342.10,292,6.061382293701172,248,1,154
21:55:54.503342.11,279,6.061382293701172,248,1,154
21:55:54.503342.12,266,6.061382293701172,248,1,154
21:55:54.503342.13,286,6.061382293701172,248,1,154
21:55:54.503342.14,65535,6.061382293701172,248,1,154
21:55:54.503342.15,294,6.061382293701172,248,1,154
21:55:54.552785.0,285,2.7478113174438477,249,1,154
21:55:54.552785.1,285,2.7478113174438477,249,1,154
21:55:54.552785.2,278,2.7478113174438477,249,1,154
21:55:54.552785.3,287,2.7478113174438477,249,1,154
21:55:54.552785.4,279,2.7478113174438477,249,1,154
21:55:54.552785.5,65535,2.7478113174438477,249,1,154
21:55:54.552785.6,297,2.7478113174438477,249,1,154
21:55:54.552785.7,279,2.7478113174438477,249,1,154
21:55:54.552785.8,275,2.7478113174438477,249,1,154
21:55:54.552785.9,287,2.7478113174438477,249,1,154
21:55:54.552785.10,273,2.7478113174438477,249,1,154
21:55:54.552785.11,273,2.7478113174438477,249,1,154
21:55:54.552785.12,65535,2.7478113174438477,249,1,154
21:55:54.552785.13,65535,2.7478113174438477,249,1,154
21:55:54.552785.14,294,2.7478113174438477,249,1,154
21:55:54.552785.15,281,2.7478113174438477,249,1,154
21:55:54.613529.0,284,0.023395754396915436,250,1,154
21:55:54.613529.1,297,0.023395754396915436,250,1,154
21:55:54.613529.2,65535,0.023395754396915436,250,1,154
21:55:54.613529.3,270,0.023395754396915436,250,1,154
21:55:54.613529.4,286,0.023395754396915436,250,1,154
21:55:54.613529.5,269,0.023395754396915436,250,1,154
21:55:54.613529.6,278,0.023395754396915436,250,1,154
21:55:54.613529.7,282,0.023395754396915436,250,1,154
21:55:54.613529.8,65535,0.023395754396915436,250,1,154
21:55:54.613529.9,65535,0.023395754396915436,250,1,154
21:55:54.613529.10,292,0.023395754396915436,250,1,154
21:55:54.613529.11,283,0.023395754396915436,250,1,154
21:55:54.613529.12,284,0.023395754396915436,250,1,154
21:55:54.613529.13,278,0.023395754396915436,250,1,154
21:55:54.613529.14,278,0.023395754396915436,250,1,154
21:55:54.613529.15,289,0.023395754396915436,250,1,154
21:55:54.667091.0,65535,3.456159830093384,251,1,154
21:55:54.667091.1,287,3.456159830093384,251,1,154
21:55:54.667091.2,295,3.456159830093384,251,1,154
21:55:54.667091.3,283,3.456159830093384,251,1,154
21:55:54.667091.4,271,3.456159830093384,251,1,154
21:55:54.667091.5,300,3.456159830093384,251,1,154
21:55:54.667091.6,273,3.456159830093384,251,1,154
21:55:54.667091.7,65535,3.456159830093384,251,1,154
21:55:54.667091.8,297,3.456159830093384,251,1,154
21:55:54.667091.9,278,3.456159830093384,251,1,154
21:55:54.667091.10,299,3.456159830093384,251,1,154
21:55:54.667091.11,270,3.456159830093384,251,1,154
21:55:54.667091.12,259,3.456159830093384,251,1,154
21:55:54.667091.13,285,3.456159830093384,251,1,154
21:55:54.667091.14,65535,3.456159830093384,251,1,154
21:55:54.667091.15,281,3.456159830093384,251,1,154
21:55:54.704893.0,293,0.19737845659255981,252,1,154
21:55:54.704893.1,260,0.19737845659255981,252,1,154
21:55:54.704893.2,282,0.19737845659255981,252,1,154
21:55:54.704893.3,276,0.19737845659255981,252,1,154
21:55:54.704893.4,275,0.19737845659255981,252,1,154
21:55:54.704893.5,266,0.19737845659255981,252,1,154
21:55:54.704893.6,275,0.19737845659255981,252,1,154
21:55:54.704893.7,279,0.19737845659255981,252,1,154
21:55:54.704893.8,286,0.19737845659255981,252,1,154
21:55:54.704893.9,297,0.19737845659255981,252,1,154
21:55:54.704893.10,289,0.19737845659255981,252,1,154
21:55:54.704893.11,283,0.19737845659255981,252,1,154
21:55:54.704893.12,275,0.19737845659255981,252,1,154
21:55:54.704893.13,297,0.19737845659255981,252,1,154
21:55:54.704893.14,276,0.19737845659255981,252,1,154
21:55:54.704893.15,265,0.19737845659255981,252,1,154
21:55:54.747930.0,279,2.83979868888855,253,1,154
21:55:54.747930.1,265,2.83979868888855,253,1,154
21:55:54.747930.2,266,2.83979868888855,253,1,154
21:55:54.747930.3,279,2.83979868888855,253,1,154
21:55:54.747930.4,287,2.83979868888855,253,1,154
21:55:54.747930.5,279,2.83979868888855,253,1,154
21:55:54.747930.6,300,2.83979868888855,253,1,154
21:55:54.747930.7,293,2.83979868888855,253,1,154
21:55:54.747930.8,290,2.83979868888855,253,1,154
21:55:54.747930.9,297,2.83979868888855,253,1,154
21:55:54.747930.10,259,2.83979868888855,253,1,154
21:55:54.747930.11,273,2.83979868888855,253,1,154
21:55:54.747930.12,275,2.83979868888855,253,1,154
21:55:54.747930.13,264,2.83979868888855,253,1,154
21:55:54.747930.14,265,2.83979868888855,253,1,154
21:55:54.747930.15,287,2.83979868888855,253,1,154
21:55:54.798988.0,282,5.945631980895996,254,1,154
21:55:54.798988.1,279,5.945631980895996,254,1,154
21:55:54.798988.2,284,5.945631980895996,254,1,154
21:55:54.798988.3,282,5.945631980895996,254,1,154
21:55:54.798988.4,269,5.945631980895996,254,1,154
21:55:54.798988.5,282,5.945631980895996,254,1,154
21:55:54.798988.6,289,5.945631980895996,254,1,154
21:55:54.798988.7,282,5.945631980895996,254,1,154
21:55:54.798988.8,274,5.945631980895996,254,1,154
21:55:54.798988.9,283,5.945631980895996,254,1,154
21:55:54.798988.10,294,5.945631980895996,254,1,154
21:55:54.798988.11,276,5.945631980895996,254,1,154
21:55:54.798988.12,284,5.945631980895996,254,1,154
21:55:54.798988.13,297,5.945631980895996,254,1,154
21:55:54.798988.14,297,5.945631980895996,254,1,154
21:55:54.798988.15,65535,5.945631980895996,254,1,154
21:55:54.863152.0,287,2.332428455352783,255,1,154
21:55:54.863152.1,294,2.332428455352783,255,1,154
21:55:54.863152.2,275,2.332428455352783,255,1,154
21:55:54.863152.3,276,2.332428455352783,255,1,154
21:55:54.863152.4,282,2.332428455352783,255,1,154
21:55:54.863152.5,269,2.332428455352783,255,1,154
21:55:54.863152.6,287,2.332428455352783,255,1,154
21:55:54.863152.7,282,2.332428455352783,255,1,154
21:55:54.863152.8,287,2.332428455352783,255,1,154
21:55:54.863152.9,281,2.332428455352783,255,1,154
21:55:54.863152.10,294,2.332428455352783,255,1,154
21:55:54.863152.11,281,2.332428455352783,255,1,154
21:55:54.863152.12,274,2.332428455352783,255,1,154
21:55:54.863152.13,281,2.332428455352783,255,1,154
21:55:54.863152.14,266,2.332428455352783,255,1,154
21:55:54.863152.15,298,2.332428455352783,255,1,154
21:55:54.904453.0,275,-1.1275110244750977,0,1,154
21:55:54.904453.1,295,-1.1275110244750977,0,1,154
21:55:54.904453.2,65535,-1.1275110244750977,0,1,154
21:55:54.904453.3,273,-1.1275110244750977,0,1,154
21:55:54.904453.4,292,-1.1275110244750977,0,1,154
21:55:54.904453.5,286,-1.1275110244750977,0,1,154
21:55:54.904453.6,271,-1.1275110244750977,0,1,154
21:55:54.904453.7,65535,-1.1275110244750977,0,1,154
21:55:54.904453.8,65535,-1.1275110244750977,0,1,154
21:55:54.904453.9,281,-1.1275110244750977,0,1,154
21:55:54.904453.10,296,-1.1275110244750977,0,1,154
21:55:54.904453.11,268,-1.1275110244750977,0,1,154
21:55:54.904453.12,268,-1.1275110244750977,0,1,154
21:55:54.904453.13,300,-1.1275110244750977,0,1,154
21:55:54.904453.14,276,-1.1275110244750977,0,1,154
21:55:54.904453.15,65535,-1.1275110244750977,0,1,154
21:55:54.953547.0,287,-4.587520122528076,1,1,154
21:55:54.953547.1,283,-4.587520122528076,1,1,154
21:55:54.953547.2,283,-4.587520122528076,1,1,154
21:55:54.953547.3,266,-4.587520122528076,1,1,154
21:55:54.953547.4,294,-4.587520122528076,1,1,154
21:55:54.953547.5,281,-4.587520122528076,1,1,154
21:55:54.953547.6,65535,-4.587520122528076,1,1,154
21:55:54.953547.7,287,-4.587520122528076,1,1,154
21:55:54.953547.8,279,-4.587520122528076,1,1,154
21:55:54.953547.9,286,-4.587520122528076,1,1,154
21:55:54.953547.10,276,-4.587520122528076,1,1,154
21:55:54.953547.11,281,-4.587520122528076,1,1,154
21:55:54.953547.12,293,-4.587520122528076,1,1,154
21:55:54.953547.13,65535,-4.587520122528076,1,1,154
21:55:54.953547.14,283,-4.587520122528076,1,1,154
21:55:54.953547.15,289,-4.587520122528076,1,1,154
21:55:54.998938.0,278,-1.4544423818588257,2,1,154
21:55:54.998938.1,273,-1.4544423818588257,2,1,154
21:55:54.998938.2,271,-1.4544423818588257,2,1,154
21:55:54.998938.3,271,-1.4544423818588257,2,1,154
21:55:54.998938.4,65535,-1.4544423818588257,2,1,154
21:55:54.998938.5,282,-1.4544423818588257,2,1,154
21:55:54.998938.6,271,-1.4544423818588257,2,1,154
21:55:54.998938.7,298,-1.4544423818588257,2,1,154
21:55:54.998938.8,282,-1.4544423818588257,2,1,154
21:55:54.998938.9,284,-1.4544423818588257,2,1,154
21:55:54.998938.10,301,-1.4544423818588257,2,1,154
21:55:54.998938.11,65535,-1.4544423818588257,2,1,154
21:55:54.998938.12,275,-1.4544423818588257,2,1,154
21:55:54.998938.13,287,-1.4544423818588257,2,1,154
21:55:54.998938.14,273,-1.4544423818588257,2,1,154
21:55:54.998938.15,284,-1.4544423818588257,2,1,154
21:55:55.048236.0,282,-4.505788326263428,3,1,154
21:55:55.048236.1,292,-4.505788326263428,3,1,154
21:55:55.048236.2,65535,-4.505788326263428,3,1,154
21:55:55.048236.3,287,-4.505788326263428,3,1,154
21:55:55.048236.4,293,-4.505788326263428,3,1,154
21:55:55.048236.5,283,-4.505788326263428,3,1,154
21:55:55.048236.6,273,-4.505788326263428,3,1,154
21:55:55.048236.7,279,-4.505788326263428,3,1,154
21:55:55.048236.8,284,-4.505788326263428,3,1,154
21:55:55.048236.9,65535,-4.505788326263428,3,1,154
21:55:55.048236.10,286,-4.505788326263428,3,1,154
21:55:55.048236.11,273,-4.505788326263428,3,1,154
21:55:55.048236.12,298,-4.505788326263428,3,1,154
21:55:55.048236.13,285,-4.505788326263428,3,1,154
21:55:55.048236.14,268,-4.505788326263428,3,1,154
21:55:55.048236.15,288,-4.505788326263428,3,1,154
21:55:55.104187.0,65535,-1.2467045783996582,4,1,154
21:55:55.104187.1,279,-1.2467045783996582,4,1,154
21:55:55.104187.2,292,-1.2467045783996582,4,1,154
21:55:55.104187.3,298,-1.2467045783996582,4,1,154
21:55:55.104187.4,274,-1.2467045783996582,4,1,154
21:55:55.104187.5,275,-1.2467045783996582,4,1,154
21:55:55.104187.6,269,-1.2467045783996582,4,1,154
21:55:55.104187.7,65535,-1.2467045783996582,4,1,154
21:55:55.104187.8,279,-1.2467045783996582,4,1,154
21:55:55.104187.9,282,-1.2467045783996582,4,1,154
21:55:55.104187.10,269,-1.2467045783996582,4,1,154
21:55:55.104187.11,270,-1.2467045783996582,4,1,154
21:55:55.104187.12,65535,-1.2467045783996582,4,1,154
21:55:55.104187.13,65535,-1.2467045783996582,4,1,154
21:55:55.104187.14,65535,-1.2467045783996582,4,1,154
21:55:55.104187.15,275,-1.2467045783996582,4,1,154
21:55:55.164260.0,284,-4.243561744689941,5,1,154
21:55:55.164260.1,300,-4.243561744689941,5,1,154
21:55:55.164260.2,276,-4.243561744689941,5,1,154
21:55:55.164260.3,289,-4.243561744689941,5,1,154
21:55:55.164260.4,283,-4.243561744689941,5,1,154
21:55:55.164260.5,65535,-4.243561744689941,5,1,154
21:55:55.164260.6,286,-4.243561744689941,5,1,154
21:55:55.164260.7,286,-4.243561744689941,5,1,154
21:55:55.164260.8,273,-4.243561744689941,5,1,154
21:55:55.164260.9,261,-4.243561744689941,5,1,154
21:55:55.164260.10,292,-4.243561744689941,5,1,154
21:55:55.164260.11,294,-4.243561744689941,5,1,154
21:55:55.164260.12,65535,-4.243561744689941,5,1,154
21:55:55.164260.13,293,-4.243561744689941,5,1,154
21:55:55.164260.14,296,-4.243561744689941,5,1,154
21:55:55.164260.15,292,-4.243561744689941,5,1,154
21:55:55.201945.0,274,-0.9572364687919617,6,1,154
21:55:55.201945.1,286,-0.9572364687919617,6,1,154
21:55:55.201945.2,298,-0.9572364687919617,6,1,154
21:55:55.201945.3,65535,-0.9572364687919617,6,1,154
21:55:55.201945.4,276,-0.9572364687919617,6,1,154
21:55:55.201945.5,297,-0.9572364687919617,6,1,154
21:55:55.201945.6,287,-0.9572364687919617,6,1,154
21:55:55.201945.7,268,-0.9572364687919617,6,1,154
21:55:55.201945.8,264,-0.9572364687919617,6,1,154
21:55:55.201945.9,274,-0.9572364687919617,6,1,154
21:55:55.201945.10,65535,-0.9572364687919617,6,1,154
21:55:55.201945.11,281,-0.9572364687919617,6,1,154
21:55:55.201945.12,290,-0.9572364687919617,6,1,154
21:55:55.201945.13,292,-0.9572364687919617,6,1,154
21:55:55.201945.14,284,-0.9572364687919617,6,1,154
21:55:55.201945.15,276,-0.9572364687919617,6,1,154
21:55:55.247967.0,281,2.175842523574829,7,1,154
21:55:55.247967.1,274,2.175842523574829,7,1,154
21:55:55.247967.2,288,2.175842523574829,7,1,154
21:55:55.247967.3,266,2.175842523574829,7,1,154
21:55:55.247967.4,295,2.175842523574829,7,1,154
21:55:55.247967.5,264,2.175842523574829,7,1,154
21:55:55.247967.6,283,2.175842523574829,7,1,154
21:55:55.247967.7,287,2.175842523574829,7,1,154
21:55:55.247967.8,293,2.175842523574829,7,1,154
21:55:55.247967.9,284,2.175842523574829,7,1,154
21:55:55.247967.10,270,2.175842523574829,7,1,154
21:55:55.247967.11,270,2.175842523574829,7,1,154
21:55:55.247967.12,283,2.175842523574829,7,1,154
21:55:55.247967.13,269,2.175842523574829,7,1,154
21:55:55.247967.14,281,2.175842523574829,7,1,154
21:55:55.247967.15,279,2.175842523574829,7,1,154
21:55:55.294284.0,275,5.3089213371276855,8,1,154
21:55:55.294284.1,273,5.3089213371276855,8,1,154
21:55:55.294284.2,281,5.3089213371276855,8,1,154
21:55:55.294284.3,279,5.3089213371276855,8,1,154
21:55:55.294284.4,273,5.3089213371276855,8,1,154
21:55:55.294284.5,275,5.3089213371276855,8,1,154
21:55:55.294284.6,278,5.3089213371276855,8,1,154
21:55:55.294284.7,278,5.3089213371276855,8,1,154
21:55:55.294284.8,289,5.3089213371276855,8,1,154
21:55:55.294284.9,283,5.3089213371276855,8,1,154
21:55:55.294284.10,293,5.3089213371276855,8,1,154
21:55:55.294284.11,282,5.3089213371276855,8,1,154
21:55:55.294284.12,279,5.3089213371276855,8,1,154
21:55:55.294284.13,279,5.3089213371276855,8,1,154
21:55:55.294284.14,284,5.3089213371276855,8,1,154
21:55:55.294284.15,270,5.3089213371276855,8,1,154
21:55:55.363363.0,268,2.747971773147583,9,1,154
21:55:55.363363.1,286,2.747971773147583,9,1,154
21:55:55.363363.2,292,2.747971773147583,9,1,154
21:55:55.363363.3,284,2.747971773147583,9,1,154
21:55:55.363363.4,296,2.747971773147583,9,1,154
21:55:55.363363.5,297,2.747971773147583,9,1,154
21:55:55.363363.6,281,2.747971773147583,9,1,154
21:55:55.363363.7,294,2.747971773147583,9,1,154
21:55:55.363363.8,281,2.747971773147583,9,1,154
21:55:55.363363.9,288,2.747971773147583,9,1,154
21:55:55.363363.10,290,2.747971773147583,9,1,154
21:55:55.363363.11,297,2.747971773147583,9,1,154
21:55:55.363363.12,275,2.747971773147583,9,1,154
21:55:55.363363.13,290,2.747971773147583,9,1,154
21:55:55.363363.14,279,2.747971773147583,9,1,154
21:55:55.363363.15,266,2.747971773147583,9,1,154
21:55:55.412992.0,65535,5.9627838134765625,10,1,154
21:55:55.412992.1,289,5.9627838134765625,10,1,154
21:55:55.412992.2,281,5.9627838134765625,10,1,154
21:55:55.412992.3,293,5.9627838134765625,10,1,154
21:55:55.412992.4,241,5.9627838134765625,10,1,154
21:55:55.412992.5,285,5.9627838134765625,10,1,154
21:55:55.412992.6,281,5.9627838134765625,10,1,154
21:55:55.412992.7,292,5.9627838134765625,10,1,154
21:55:55.412992.8,283,5.9627838134765625,10,1,154
21:55:55.412992.9,296,5.9627838134765625,10,1,154
21:55:55.412992.10,261,5.9627838134765625,10,1,154
21:55:55.412992.11,296,5.9627838134765625,10,1,154
21:55:55.412992.12,265,5.9627838134765625,10,1,154
21:55:55.412992.13,290,5.9627838134765625,10,1,154
21:55:55.412992.14,275,5.9627838134765625,10,1,154
21:55:55.412992.15,260,5.9627838134765625,10,1,154
21:55:55.499554.0,273,-0.7392813563346863,12,1,154
21:55:55.499554.1,274,-0.7392813563346863,12,1,154
21:55:55.499554.2,284,-0.7392813563346863,12,1,154
21:55:55.499554.3,278,-0.7392813563346863,12,1,154
21:55:55.499554.4,274,-0.7392813563346863,12,1,154
21:55:55.499554.5,65535,-0.7392813563346863,12,1,154
21:55:55.499554.6,292,-0.7392813563346863,12,1,154
21:55:55.499554.7,284,-0.7392813563346863,12,1,154
21:55:55.499554.8,299,-0.7392813563346863,12,1,154
21:55:55.499554.9,285,-0.7392813563346863,12,1,154
21:55:55.499554.10,278,-0.7392813563346863,12,1,154
21:55:55.499554.11,269,-0.7392813563346863,12,1,154
21:55:55.499554.12,65535,-0.7392813563346863,12,1,154
21:55:55.499554.13,266,-0.7392813563346863,12,1,154
21:55:55.499554.14,295,-0.7392813563346863,12,1,154
21:55:55.499554.15,292,-0.7392813563346863,12,1,154
21:55:55.549576.0,287,-3.654407262802124,13,1,154
21:55:55.549576.1,284,-3.654407262802124,13,1,154
21:55:55.549576.2,281,-3.654407262802124,13,1,154
21:55:55.549576.3,65535,-3.654407262802124,13,1,154
21:55:55.549576.4,275,-3.654407262802124,13,1,154
21:55:55.549576.5,286,-3.654407262802124,13,1,154
21:55:55.549576.6,279,-3.654407262802124,13,1,154
21:55:55.549576.7,279,-3.654407262802124,13,1,154
21:55:55.549576.8,284,-3.654407262802124,13,1,154
21:55:55.549576.9,283,-3.654407262802124,13,1,154
21:55:55.549576.10,65535,-3.654407262802124,13,1,154
21:55:55.549576.11,286,-3.654407262802124,13,1,154
21:55:55.549576.12,275,-3.654407262802124,13,1,154
21:55:55.549576.13,289,-3.654407262802124,13,1,154
21:55:55.549576.14,286,-3.654407262802124,13,1,154
21:55:55.549576.15,278,-3.654407262802124,13,1,154
21:55:55.599882.0,279,-0.7494955658912659,14,1,154
21:55:55.599882.1,65535,-0.7494955658912659,14,1,154
21:55:55.599882.2,284,-0.7494955658912659,14,1,154
21:55:55.599882.3,289,-0.7494955658912659,14,1,154
21:55:55.599882.4,290,-0.7494955658912659,14,1,154
21:55:55.599882.5,285,-0.7494955658912659,14,1,154
21:55:55.599882.6,278,-0.7494955658912659,14,1,154
21:55:55.599882.7,287,-0.7494955658912659,14,1,154
21:55:55.599882.8,65535,-0.7494955658912659,14,1,154
21:55:55.599882.9,285,-0.7494955658912659,14,1,154
21:55:55.599882.10,271,-0.7494955658912659,14,1,154
21:55:55.599882.11,290,-0.7494955658912659,14,1,154
21:55:55.599882.12,287,-0.7494955658912659,14,1,154
21:55:55.599882.13,271,-0.7494955658912659,14,1,154
21:55:55.599882.14,264,-0.7494955658912659,14,1,154
21:55:55.599882.15,65535,-0.7494955658912659,14,1,154
21:55:55.649489.0,297,2.4925599098205566,15,1,154
21:55:55.649489.1,282,2.4925599098205566,15,1,154
21:55:55.649489.2,292,2.4925599098205566,15,1,154
21:55:55.649489.3,278,2.4925599098205566,15,1,154
21:55:55.649489.4,300,2.4925599098205566,15,1,154
21:55:55.649489.5,287,2.4925599098205566,15,1,154
21:55:55.649489.6,65535,2.4925599098205566,15,1,154
21:55:55.649489.7,274,2.4925599098205566,15,1,154
21:55:55.649489.8,276,2.4925599098205566,15,1,154
21:55:55.649489.9,295,2.4925599098205566,15,1,154
21:55:55.649489.10,279,2.4925599098205566,15,1,154
21:55:55.649489.11,285,2.4925599098205566,15,1,154
21:55:55.649489.12,279,2.4925599098205566,15,1,154
21:55:55.649489.13,65535,2.4925599098205566,15,1,154
21:55:55.649489.14,284,2.4925599098205566,15,1,154
21:55:55.649489.15,271,2.4925599098205566,15,1,154
21:55:55.705175.0,282,-0.36807745695114136,16,1,154
21:55:55.705175.1,289,-0.36807745695114136,16,1,154
21:55:55.705175.2,286,-0.36807745695114136,16,1,154
21:55:55.705175.3,278,-0.36807745695114136,16,1,154
21:55:55.705175.4,65535,-0.36807745695114136,16,1,154
21:55:55.705175.5,283,-0.36807745695114136,16,1,154
21:55:55.705175.6,274,-0.36807745695114136,16,1,154
21:55:55.705175.7,295,-0.36807745695114136,16,1,154
21:55:55.705175.8,294,-0.36807745695114136,16,1,154
21:55:55.705175.9,273,-0.36807745695114136,16,1,154
21:55:55.705175.10,295,-0.36807745695114136,16,1,154
21:55:55.705175.11,290,-0.36807745695114136,16,1,154
21:55:55.705175.12,295,-0.36807745695114136,16,1,154
21:55:55.705175.13,289,-0.36807745695114136,16,1,154
21:55:55.705175.14,276,-0.36807745695114136,16,1,154
21:55:55.705175.15,289,-0.36807745695114136,16,1,154
21:55:55.751540.0,282,-3.637375831604004,17,1,154
21:55:55.751540.1,288,-3.637375831604004,17,1,154
21:55:55.751540.2,281,-3.637375831604004,17,1,154
21:55:55.751540.3,265,-3.637375831604004,17,1,154
21:55:55.751540.4,266,-3.637375831604004,17,1,154
21:55:55.751540.5,289,-3.637375831604004,17,1,154
21:55:55.751540.6,283,-3.637375831604004,17,1,154
21:55:55.751540.7,281,-3.637375831604004,17,1,154
21:55:55.751540.8,288,-3.637375831604004,17,1,154
21:55:55.751540.9,293,-3.637375831604004,17,1,154
21:55:55.751540.10,290,-3.637375831604004,17,1,154
21:55:55.751540.11,283,-3.637375831604004,17,1,154
21:55:55.751540.12,287,-3.637375831604004,17,1,154
21:55:55.751540.13,278,-3.637375831604004,17,1,154
21:55:55.751540.14,270,-3.637375831604004,17,1,154
21:55:55.751540.15,292,-3.637375831604004,17,1,154
21:55:55.804958.0,274,-0.5962432026863098,18,1,154
21:55:55.804958.1,273,-0.5962432026863098,18,1,154
21:55:55.804958.2,284,-0.5962432026863098,18,1,154
21:55:55.804958.3,279,-0.5962432026863098,18,1,154
21:55:55.804958.4,293,-0.5962432026863098,18,1,154
21:55:55.804958.5,269,-0.5962432026863098,18,1,154
21:55:55.804958.6,274,-0.5962432026863098,18,1,154
21:55:55.804958.7,289,-0.5962432026863098,18,1,154
21:55:55.804958.8,65535,-0.5962432026863098,18,1,154
21:55:55.804958.9,279,-0.5962432026863098,18,1,154
21:55:55.804958.10,279,-0.5962432026863098,18,1,154
21:55:55.804958.11,301,-0.5962432026863098,18,1,154
21:55:55.804958.12,295,-0.5962432026863098,18,1,154
21:55:55.804958.13,287,-0.5962432026863098,18,1,154
21:55:55.804958.14,295,-0.5962432026863098,18,1,154
21:55:55.804958.15,282,-0.5962432026863098,18,1,154
21:55:55.913930.0,65535,-0.541754961013794,20,1,154
21:55:55.913930.1,281,-0.541754961013794,20,1,154
21:55:55.913930.2,287,-0.541754961013794,20,1,154
21:55:55.913930.3,276,-0.541754961013794,20,1,154
21:55:55.913930.4,276,-0.541754961013794,20,1,154
21:55:55.913930.5,290,-0.541754961013794,20,1,154
21:55:55.913930.6,286,-0.541754961013794,20,1,154
21:55:55.913930.7,65535,-0.541754961013794,20,1,154
21:55:55.913930.8,303,-0.541754961013794,20,1,154
21:55:55.913930.9,278,-0.541754961013794,20,1,154
21:55:55.913930.10,276,-0.541754961013794,20,1,154
21:55:55.913930.11,284,-0.541754961013794,20,1,154
21:55:55.913930.12,263,-0.541754961013794,20,1,154
21:55:55.913930.13,297,-0.541754961013794,20,1,154
21:55:55.913930.14,65534,-0.541754961013794,20,1,154
21:55:55.913930.15,65534,-0.541754961013794,20,1,154
21:55:55.951203.0,65535,2.7820327281951904,21,1,154
21:55:55.951203.1,276,2.7820327281951904,21,1,154
21:55:55.951203.2,284,2.7820327281951904,21,1,154
21:55:55.951203.3,275,2.7820327281951904,21,1,154
21:55:55.951203.4,294,2.7820327281951904,21,1,154
21:55:55.951203.5,284,2.7820327281951904,21,1,154
21:55:55.951203.6,274,2.7820327281951904,21,1,154
21:55:55.951203.7,65535,2.7820327281951904,21,1,154
21:55:55.951203.8,281,2.7820327281951904,21,1,154
21:55:55.951203.9,284,2.7820327281951904,21,1,154
21:55:55.951203.10,283,2.7820327281951904,21,1,154
21:55:55.951203.11,274,2.7820327281951904,21,1,154
21:55:55.951203.12,271,2.7820327281951904,21,1,154
21:55:55.951203.13,275,2.7820327281951904,21,1,154
21:55:55.951203.14,65535,2.7820327281951904,21,1,154
21:55:55.951203.15,271,2.7820327281951904,21,1,154
21:55:56.004359.0,266,6.133735179901123,22,1,154
21:55:56.004359.1,278,6.133735179901123,22,1,154
21:55:56.004359.2,283,6.133735179901123,22,1,154
21:55:56.004359.3,281,6.133735179901123,22,1,154
21:55:56.004359.4,301,6.133735179901123,22,1,154
21:55:56.004359.5,65535,6.133735179901123,22,1,154
21:55:56.004359.6,284,6.133735179901123,22,1,154
21:55:56.004359.7,259,6.133735179901123,22,1,154
21:55:56.004359.8,290,6.133735179901123,22,1,154
21:55:56.004359.9,275,6.133735179901123,22,1,154
21:55:56.004359.10,270,6.133735179901123,22,1,154
21:55:56.004359.11,282,6.133735179901123,22,1,154
21:55:56.004359.12,65535,6.133735179901123,22,1,154
21:55:56.004359.13,274,6.133735179901123,22,1,154
21:55:56.004359.14,290,6.133735179901123,22,1,154
21:55:56.004359.15,287,6.133735179901123,22,1,154
21:55:56.052755.0,294,2.7378532886505127,23,1,154
21:55:56.052755.1,276,2.7378532886505127,23,1,154
21:55:56.052755.2,283,2.7378532886505127,23,1,154
21:55:56.052755.3,65535,2.7378532886505127,23,1,154
21:55:56.052755.4,285,2.7378532886505127,23,1,154
21:55:56.052755.5,286,2.7378532886505127,23,1,154
21:55:56.052755.6,294,2.7378532886505127,23,1,154
21:55:56.052755.7,285,2.7378532886505127,23,1,154
21:55:56.052755.8,276,2.7378532886505127,23,1,154
21:55:56.052755.9,269,2.7378532886505127,23,1,154
21:55:56.052755.10,65535,2.7378532886505127,23,1,154
21:55:56.052755.11,283,2.7378532886505127,23,1,154
21:55:56.052755.12,281,2.7378532886505127,23,1,154
21:55:56.052755.13,283,2.7378532886505127,23,1,154
21:55:56.052755.14,284,2.7378532886505127,23,1,154
21:55:56.052755.15,270,2.7378532886505127,23,1,154
21:55:56.103474.0,295,-0.24592795968055725,24,1,154
21:55:56.103474.1,65535,-0.24592795968055725,24,1,154
21:55:56.103474.2,283,-0.24592795968055725,24,1,154
21:55:56.103474.3,279,-0.24592795968055725,24,1,154
21:55:56.103474.4,281,-0.24592795968055725,24,1,154
21:55:56.103474.5,271,-0.24592795968055725,24,1,154
21:55:56.103474.6,275,-0.24592795968055725,24,1,154
21:55:56.103474.7,282,-0.24592795968055725,24,1,154
21:55:56.103474.8,65535,-0.24592795968055725,24,1,154
21:55:56.103474.9,299,-0.24592795968055725,24,1,154
21:55:56.103474.10,260,-0.24592795968055725,24,1,154
21:55:56.103474.11,283,-0.24592795968055725,24,1,154
21:55:56.103474.12,284,-0.24592795968055725,24,1,154
21:55:56.103474.13,284,-0.24592795968055725,24,1,154
21:55:56.103474.14,275,-0.24592795968055725,24,1,154
21:55:56.103474.15,65535,-0.24592795968055725,24,1,154
21:55:56.197109.0,269,-0.43663686513900757,26,1,154
21:55:56.197109.1,273,-0.43663686513900757,26,1,154
21:55:56.197109.2,281,-0.43663686513900757,26,1,154
21:55:56.197109.3,278,-0.43663686513900757,26,1,154
21:55:56.197109.4,284,-0.43663686513900757,26,1,154
21:55:56.197109.5,290,-0.43663686513900757,26,1,154
21:55:56.197109.6,292,-0.43663686513900757,26,1,154
21:55:56.197109.7,282,-0.43663686513900757,26,1,154
21:55:56.197109.8,298,-0.43663686513900757,26,1,154
21:55:56.197109.9,279,-0.43663686513900757,26,1,154
21:55:56.197109.10,279,-0.43663686513900757,26,1,154
21:55:56.197109.11,263,-0.43663686513900757,26,1,154
21:55:56.197109.12,295,-0.43663686513900757,26,1,154
21:55:56.197109.13,298,-0.43663686513900757,26,1,154
21:55:56.197109.14,288,-0.43663686513900757,26,1,154
21:55:56.197109.15,290,-0.43663686513900757,26,1,154
21:55:56.256066.0,276,-3.1610524654388428,27,1,154
21:55:56.256066.1,279,-3.1610524654388428,27,1,154
21:55:56.256066.2,264,-3.1610524654388428,27,1,154
21:55:56.256066.3,297,-3.1610524654388428,27,1,154
21:55:56.256066.4,281,-3.1610524654388428,27,1,154
21:55:56.256066.5,284,-3.1610524654388428,27,1,154
21:55:56.256066.6,282,-3.1610524654388428,27,1,154
21:55:56.256066.7,301,-3.1610524654388428,27,1,154
21:55:56.256066.8,287,-3.1610524654388428,27,1,154
21:55:56.256066.9,289,-3.1610524654388428,27,1,154
21:55:56.256066.10,263,-3.1610524654388428,27,1,154
21:55:56.256066.11,284,-3.1610524654388428,27,1,154
21:55:56.256066.12,271,-3.1610524654388428,27,1,154
21:55:56.256066.13,274,-3.1610524654388428,27,1,154
21:55:56.256066.14,265,-3.1610524654388428,27,1,154
21:55:56.256066.15,279,-3.1610524654388428,27,1,154
21:55:56.347011.0,283,3.3945748805999756,29,1,154
21:55:56.347011.1,286,3.3945748805999756,29,1,154
21:55:56.347011.2,288,3.3945748805999756,29,1,154
21:55:56.347011.3,285,3.3945748805999756,29,1,154
21:55:56.347011.4,268,3.3945748805999756,29,1,154
21:55:56.347011.5,283,3.3945748805999756,29,1,154
21:55:56.347011.6,256,3.3945748805999756,29,1,154
21:55:56.347011.7,287,3.3945748805999756,29,1,154
21:55:56.347011.8,275,3.3945748805999756,29,1,154
21:55:56.347011.9,274,3.3945748805999756,29,1,154
21:55:56.347011.10,285,3.3945748805999756,29,1,154
21:55:56.347011.11,283,3.3945748805999756,29,1,154
21:55:56.347011.12,284,3.3945748805999756,29,1,154
21:55:56.347011.13,274,3.3945748805999756,29,1,154
21:55:56.347011.14,65535,3.3945748805999756,29,1,154
21:55:56.347011.15,294,3.3945748805999756,29,1,154
21:55:56.404982.0,293,0.697403073310852,30,1,154
21:55:56.404982.1,276,0.697403073310852,30,1,154
21:55:56.404982.2,284,0.697403073310852,30,1,154
21:55:56.404982.3,290,0.697403073310852,30,1,154
21:55:56.404982.4,285,0.697403073310852,30,1,154
21:55:56.404982.5,65535,0.697403073310852,30,1,154
21:55:56.404982.6,261,0.697403073310852,30,1,154
21:55:56.404982.7,287,0.697403073310852,30,1,154
21:55:56.404982.8,295,0.697403073310852,30,1,154
21:55:56.404982.9,295,0.697403073310852,30,1,154
21:55:56.404982.10,265,0.697403073310852,30,1,154
21:55:56.404982.11,274,0.697403073310852,30,1,154
21:55:56.404982.12,65535,0.697403073310852,30,1,154
21:55:56.404982.13,282,0.697403073310852,30,1,154
21:55:56.404982.14,270,0.697403073310852,30,1,154
21:55:56.404982.15,286,0.697403073310852,30,1,154
21:55:56.447314.0,65535,3.667017936706543,31,1,154
21:55:56.447314.1,288,3.667017936706543,31,1,154
21:55:56.447314.2,65535,3.667017936706543,31,1,154
21:55:56.447314.3,285,3.667017936706543,31,1,154
21:55:56.447314.4,282,3.667017936706543,31,1,154
21:55:56.447314.5,282,3.667017936706543,31,1,154
21:55:56.447314.6,281,3.667017936706543,31,1,154
21:55:56.447314.7,276,3.667017936706543,31,1,154
21:55:56.447314.8,287,3.667017936706543,31,1,154
21:55:56.447314.9,65535,3.667017936706543,31,1,154
21:55:56.447314.10,287,3.667017936706543,31,1,154
21:55:56.447314.11,266,3.667017936706543,31,1,154
21:55:56.447314.12,279,3.667017936706543,31,1,154
21:55:56.447314.13,278,3.667017936706543,31,1,154
21:55:56.447314.14,273,3.667017936706543,31,1,154
21:55:56.447314.15,294,3.667017936706543,31,1,154
21:55:56.496701.0,65535,0.17976462841033936,32,1,154
21:55:56.496701.1,294,0.17976462841033936,32,1,154
21:55:56.496701.2,274,0.17976462841033936,32,1,154
21:55:56.496701.3,290,0.17976462841033936,32,1,154
21:55:56.496701.4,293,0.17976462841033936,32,1,154
21:55:56.496701.5,284,0.17976462841033936,32,1,154
21:55:56.496701.6,278,0.17976462841033936,32,1,154
21:55:56.496701.7,65535,0.17976462841033936,32,1,154
21:55:56.496701.8,273,0.17976462841033936,32,1,154
21:55:56.496701.9,278,0.17976462841033936,32,1,154
21:55:56.496701.10,282,0.17976462841033936,32,1,154
21:55:56.496701.11,298,0.17976462841033936,32,1,154
21:55:56.496701.12,284,0.17976462841033936,32,1,154
21:55:56.496701.13,286,0.17976462841033936,32,1,154
21:55:56.496701.14,65535,0.17976462841033936,32,1,154
21:55:56.496701.15,283,0.17976462841033936,32,1,154
21:55:56.596944.0,293,-0.010944749228656292,34,1,154
21:55:56.596944.1,259,-0.010944749228656292,34,1,154
21:55:56.596944.2,65535,-0.010944749228656292,34,1,154
21:55:56.596944.3,275,-0.010944749228656292,34,1,154
21:55:56.596944.4,271,-0.010944749228656292,34,1,154
21:55:56.596944.5,293,-0.010944749228656292,34,1,154
21:55:56.596944.6,285,-0.010944749228656292,34,1,154
21:55:56.596944.7,265,-0.010944749228656292,34,1,154
21:55:56.596944.8,283,-0.010944749228656292,34,1,154
21:55:56.596944.9,65535,-0.010944749228656292,34,1,154
21:55:56.596944.10,282,-0.010944749228656292,34,1,154
21:55:56.596944.11,284,-0.010944749228656292,34,1,154
21:55:56.596944.12,286,-0.010944749228656292,34,1,154
21:55:56.596944.13,283,-0.010944749228656292,34,1,154
21:55:56.596944.14,292,-0.010944749228656292,34,1,154
21:55:56.596944.15,282,-0.010944749228656292,34,1,154
21:55:56.655361.0,286,-2.6263844966888428,35,1,154
21:55:56.655361.1,282,-2.6263844966888428,35,1,154
21:55:56.655361.2,271,-2.6263844966888428,35,1,154
21:55:56.655361.3,285,-2.6263844966888428,35,1,154
21:55:56.655361.4,282,-2.6263844966888428,35,1,154
21:55:56.655361.5,282,-2.6263844966888428,35,1,154
21:55:56.655361.6,295,-2.6263844966888428,35,1,154
21:55:56.655361.7,296,-2.6263844966888428,35,1,154
21:55:56.655361.8,283,-2.6263844966888428,35,1,154
21:55:56.655361.9,292,-2.6263844966888428,35,1,154
21:55:56.655361.10,276,-2.6263844966888428,35,1,154
21:55:56.655361.11,261,-2.6263844966888428,35,1,154
21:55:56.655361.12,286,-2.6263844966888428,35,1,154
21:55:56.655361.13,287,-2.6263844966888428,35,1,154
21:55:56.655361.14,274,-2.6263844966888428,35,1,154
21:55:56.655361.15,278,-2.6263844966888428,35,1,154
21:55:56.755201.0,273,-2.142530679702759,37,1,154
21:55:56.755201.1,282,-2.142530679702759,37,1,154
21:55:56.755201.2,261,-2.142530679702759,37,1,154
21:55:56.755201.3,292,-2.142530679702759,37,1,154
21:55:56.755201.4,276,-2.142530679702759,37,1,154
21:55:56.755201.5,269,-2.142530679702759,37,1,154
21:55:56.755201.6,274,-2.142530679702759,37,1,154
21:55:56.755201.7,289,-2.142530679702759,37,1,154
21:55:56.755201.8,259,-2.142530679702759,37,1,154
21:55:56.755201.9,276,-2.142530679702759,37,1,154
21:55:56.755201.10,273,-2.142530679702759,37,1,154
21:55:56.755201.11,294,-2.142530679702759,37,1,154
21:55:56.755201.12,293,-2.142530679702759,37,1,154
21:55:56.755201.13,281,-2.142530679702759,37,1,154
21:55:56.755201.14,266,-2.142530679702759,37,1,154
21:55:56.755201.15,270,-2.142530679702759,37,1,154
21:55:56.799708.0,270,-4.261037826538086,38,1,154
21:55:56.799708.1,274,-4.261037826538086,38,1,154
21:55:56.799708.2,279,-4.261037826538086,38,1,154
21:55:56.799708.3,274,-4.261037826538086,38,1,154
21:55:56.799708.4,296,-4.261037826538086,38,1,154
21:55:56.799708.5,290,-4.261037826538086,38,1,154
21:55:56.799708.6,279,-4.261037826538086,38,1,154
21:55:56.799708.7,288,-4.261037826538086,38,1,154
21:55:56.799708.8,290,-4.261037826538086,38,1,154
21:55:56.799708.9,294,-4.261037826538086,38,1,154
21:55:56.799708.10,278,-4.261037826538086,38,1,154
21:55:56.799708.11,281,-4.261037826538086,38,1,154
21:55:56.799708.12,282,-4.261037826538086,38,1,154
21:55:56.799708.13,285,-4.261037826538086,38,1,154
21:55:56.799708.14,287,-4.261037826538086,38,1,154
21:55:56.799708.15,288,-4.261037826538086,38,1,154
21:55:56.847410.0,281,-0.7447721362113953,39,1,154
21:55:56.847410.1,65535,-0.7447721362113953,39,1,154
21:55:56.847410.2,287,-0.7447721362113953,39,1,154
21:55:56.847410.3,270,-0.7447721362113953,39,1,154
21:55:56.847410.4,274,-0.7447721362113953,39,1,154
21:55:56.847410.5,293,-0.7447721362113953,39,1,154
21:55:56.847410.6,286,-0.7447721362113953,39,1,154
21:55:56.847410.7,65535,-0.7447721362113953,39,1,154
21:55:56.847410.8,285,-0.7447721362113953,39,1,154
21:55:56.847410.9,270,-0.7447721362113953,39,1,154
21:55:56.847410.10,287,-0.7447721362113953,39,1,154
21:55:56.847410.11,286,-0.7447721362113953,39,1,154
21:55:56.847410.12,276,-0.7447721362113953,39,1,154
21:55:56.847410.13,274,-0.7447721362113953,39,1,154
21:55:56.847410.14,65535,-0.7447721362113953,39,1,154
21:55:56.847410.15,285,-0.7447721362113953,39,1,154
21:55:56.896475.0,285,2.0068883895874023,40,1,154
21:55:56.896475.1,271,2.0068883895874023,40,1,154
21:55:56.896475.2,288,2.0068883895874023,40,1,154
21:55:56.896475.3,282,2.0068883895874023,40,1,154
21:55:56.896475.4,287,2.0068883895874023,40,1,154
21:55:56.896475.5,65535,2.0068883895874023,40,1,154
21:55:56.896475.6,283,2.0068883895874023,40,1,154
21:55:56.896475.7,274,2.0068883895874023,40,1,154
21:55:56.896475.8,298,2.0068883895874023,40,1,154
21:55:56.896475.9,296,2.0068883895874023,40,1,154
21:55:56.896475.10,285,2.0068883895874023,40,1,154
21:55:56.896475.11,290,2.0068883895874023,40,1,154
21:55:56.896475.12,65535,2.0068883895874023,40,1,154
21:55:56.896475.13,281,2.0068883895874023,40,1,154
21:55:56.896475.14,276,2.0068883895874023,40,1,154
21:55:56.896475.15,285,2.0068883895874023,40,1,154
21:55:56.946584.0,289,-0.6673987507820129,41,1,154
21:55:56.946584.1,296,-0.6673987507820129,41,1,154
21:55:56.946584.2,294,-0.6673987507820129,41,1,154
21:55:56.946584.3,65535,-0.6673987507820129,41,1,154
21:55:56.946584.4,268,-0.6673987507820129,41,1,154
21:55:56.946584.5,274,-0.6673987507820129,41,1,154
21:55:56.946584.6,287,-0.6673987507820129,41,1,154
21:55:56.946584.7,273,-0.6673987507820129,41,1,154
21:55:56.946584.8,268,-0.6673987507820129,41,1,154
21:55:56.946584.9,276,-0.6673987507820129,41,1,154
21:55:56.946584.10,65535,-0.6673987507820129,41,1,154
21:55:56.946584.11,283,-0.6673987507820129,41,1,154
21:55:56.946584.12,299,-0.6673987507820129,41,1,154
21:55:56.946584.13,281,-0.6673987507820129,41,1,154
21:55:56.946584.14,288,-0.6673987507820129,41,1,154
21:55:56.946584.15,293,-0.6673987507820129,41,1,154
21:55:56.996383.0,279,-2.733595371246338,42,1,154
21:55:56.996383.1,65535,-2.733595371246338,42,1,154
21:55:56.996383.2,278,-2.733595371246338,42,1,154
21:55:56.996383.3,285,-2.733595371246338,42,1,154
21:55:56.996383.4,292,-2.733595371246338,42,1,154
21:55:56.996383.5,274,-2.733595371246338,42,1,154
21:55:56.996383.6,294,-2.733595371246338,42,1,154
21:55:56.996383.7,282,-2.733595371246338,42,1,154
21:55:56.996383.8,65535,-2.733595371246338,42,1,154
21:55:56.996383.9,284,-2.733595371246338,42,1,154
21:55:56.996383.10,274,-2.733595371246338,42,1,154
21:55:56.996383.11,282,-2.733595371246338,42,1,154
21:55:56.996383.12,273,-2.733595371246338,42,1,154
21:55:56.996383.13,283,-2.733595371246338,42,1,154
21:55:56.996383.14,287,-2.733595371246338,42,1,154
21:55:56.996383.15,65535,-2.733595371246338,42,1,154
21:55:57.056862.0,285,0.4812164008617401,43,1,154
21:55:57.056862.1,286,0.4812164008617401,43,1,154
21:55:57.056862.2,286,0.4812164008617401,43,1,154
21:55:57.056862.3,290,0.4812164008617401,43,1,154
21:55:57.056862.4,273,0.4812164008617401,43,1,154
21:55:57.056862.5,287,0.4812164008617401,43,1,154
21:55:57.056862.6,65535,0.4812164008617401,43,1,154
21:55:57.056862.7,278,0.4812164008617401,43,1,154
21:55:57.056862.8,292,0.4812164008617401,43,1,154
21:55:57.056862.9,269,0.4812164008617401,43,1,154
21:55:57.056862.10,65535,0.4812164008617401,43,1,154
21:55:57.056862.11,293,0.4812164008617401,43,1,154
21:55:57.056862.12,65535,0.4812164008617401,43,1,154
21:55:57.056862.13,279,0.4812164008617401,43,1,154
21:55:57.056862.14,285,0.4812164008617401,43,1,154
21:55:57.056862.15,288,0.4812164008617401,43,1,154
21:55:57.096500.0,283,-2.052744150161743,44,1,154
21:55:57.096500.1,286,-2.052744150161743,44,1,154
21:55:57.096500.2,282,-2.052744150161743,44,1,154
21:55:57.096500.3,65535,-2.052744150161743,44,1,154
21:55:57.096500.4,273,-2.052744150161743,44,1,154
21:55:57.096500.5,274,-2.052744150161743,44,1,154
21:55:57.096500.6,293,-2.052744150161743,44,1,154
21:55:57.096500.7,281,-2.052744150161743,44,1,154
21:55:57.096500.8,282,-2.052744150161743,44,1,154
21:55:57.096500.9,293,-2.052744150161743,44,1,154
21:55:57.096500.10,65535,-2.052744150161743,44,1,154
21:55:57.096500.11,284,-2.052744150161743,44,1,154
21:55:57.096500.12,286,-2.052744150161743,44,1,154
21:55:57.096500.13,286,-2.052744150161743,44,1,154
21:55:57.096500.14,282,-2.052744150161743,44,1,154
21:55:57.096500.15,261,-2.052744150161743,44,1,154
21:55:57.163411.0,283,-5.403441905975342,45,1,154
21:55:57.163411.1,65535,-5.403441905975342,45,1,154
21:55:57.163411.2,294,-5.403441905975342,45,1,154
21:55:57.163411.3,275,-5.403441905975342,45,1,154
21:55:57.163411.4,286,-5.403441905975342,45,1,154
21:55:57.163411.5,279,-5.403441905975342,45,1,154
21:55:57.163411.6,258,-5.403441905975342,45,1,154
21:55:57.163411.7,281,-5.403441905975342,45,1,154
21:55:57.163411.8,65535,-5.403441905975342,45,1,154
21:55:57.163411.9,292,-5.403441905975342,45,1,154
21:55:57.163411.10,290,-5.403441905975342,45,1,154
21:55:57.163411.11,276,-5.403441905975342,45,1,154
21:55:57.163411.12,65535,-5.403441905975342,45,1,154
21:55:57.163411.13,283,-5.403441905975342,45,1,154
21:55:57.163411.14,65535,-5.403441905975342,45,1,154
21:55:57.163411.15,297,-5.403441905975342,45,1,154
21:55:57.196740.0,275,-2.0353810787200928,46,1,154
21:55:57.196740.1,286,-2.0353810787200928,46,1,154
21:55:57.196740.2,281,-2.0353810787200928,46,1,154
21:55:57.196740.3,270,-2.0353810787200928,46,1,154
21:55:57.196740.4,285,-2.0353810787200928,46,1,154
21:55:57.196740.5,275,-2.0353810787200928,46,1,154
21:55:57.196740.6,276,-2.0353810787200928,46,1,154
21:55:57.196740.7,293,-2.0353810787200928,46,1,154
21:55:57.196740.8,276,-2.0353810787200928,46,1,154
21:55:57.196740.9,268,-2.0353810787200928,46,1,154
21:55:57.196740.10,285,-2.0353810787200928,46,1,154
21:55:57.196740.11,276,-2.0353810787200928,46,1,154
21:55:57.196740.12,282,-2.0353810787200928,46,1,154
21:55:57.196740.13,286,-2.0353810787200928,46,1,154
21:55:57.196740.14,269,-2.0353810787200928,46,1,154
21:55:57.196740.15,290,-2.0353810787200928,46,1,154
21:55:57.255369.0,296,-5.359170913696289,47,1,154
21:55:57.255369.1,284,-5.359170913696289,47,1,154
21:55:57.255369.2,270,-5.359170913696289,47,1,154
21:55:57.255369.3,288,-5.359170913696289,47,1,154
21:55:57.255369.4,65535,-5.359170913696289,47,1,154
21:55:57.255369.5,298,-5.359170913696289,47,1,154
21:55:57.255369.6,273,-5.359170913696289,47,1,154
21:55:57.255369.7,289,-5.359170913696289,47,1,154
21:55:57.255369.8,295,-5.359170913696289,47,1,154
21:55:57.255369.9,288,-5.359170913696289,47,1,154
21:55:57.255369.10,293,-5.359170913696289,47,1,154
21:55:57.255369.11,282,-5.359170913696289,47,1,154
21:55:57.255369.12,284,-5.359170913696289,47,1,154
21:55:57.255369.13,286,-5.359170913696289,47,1,154
21:55:57.255369.14,278,-5.359170913696289,47,1,154
21:55:57.255369.15,283,-5.359170913696289,47,1,154
21:55:57.313493.0,65535,-2.1171157360076904,48,1,154
21:55:57.313493.1,276,-2.1171157360076904,48,1,154
21:55:57.313493.2,274,-2.1171157360076904,48,1,154
21:55:57.313493.3,287,-2.1171157360076904,48,1,154
21:55:57.313493.4,278,-2.1171157360076904,48,1,154
21:55:57.313493.5,289,-2.1171157360076904,48,1,154
21:55:57.313493.6,276,-2.1171157360076904,48,1,154
21:55:57.313493.7,270,-2.1171157360076904,48,1,154
21:55:57.313493.8,273,-2.1171157360076904,48,1,154
21:55:57.313493.9,281,-2.1171157360076904,48,1,154
21:55:57.313493.10,261,-2.1171157360076904,48,1,154
21:55:57.313493.11,273,-2.1171157360076904,48,1,154
21:55:57.313493.12,285,-2.1171157360076904,48,1,154
21:55:57.313493.13,285,-2.1171157360076904,48,1,154
21:55:57.313493.14,296,-2.1171157360076904,48,1,154
21:55:57.313493.15,278,-2.1171157360076904,48,1,154
21:55:57.363159.0,276,-5.386414527893066,49,1,154
21:55:57.363159.1,266,-5.386414527893066,49,1,154
21:55:57.363159.2,275,-5.386414527893066,49,1,154
21:55:57.363159.3,281,-5.386414527893066,49,1,154
21:55:57.363159.4,269,-5.386414527893066,49,1,154
21:55:57.363159.5,286,-5.386414527893066,49,1,154
21:55:57.363159.6,286,-5.386414527893066,49,1,154
21:55:57.363159.7,283,-5.386414527893066,49,1,154
21:55:57.363159.8,281,-5.386414527893066,49,1,154
21:55:57.363159.9,288,-5.386414527893066,49,1,154
21:55:57.363159.10,284,-5.386414527893066,49,1,154
21:55:57.363159.11,289,-5.386414527893066,49,1,154
21:55:57.363159.12,260,-5.386414527893066,49,1,154
21:55:57.363159.13,282,-5.386414527893066,49,1,154
21:55:57.363159.14,265,-5.386414527893066,49,1,154
21:55:57.363159.15,283,-5.386414527893066,49,1,154
21:55:57.401584.0,299,-2.5257761478424072,50,1,154
21:55:57.401584.1,285,-2.5257761478424072,50,1,154
21:55:57.401584.2,295,-2.5257761478424072,50,1,154
21:55:57.401584.3,288,-2.5257761478424072,50,1,154
21:55:57.401584.4,284,-2.5257761478424072,50,1,154
21:55:57.401584.5,284,-2.5257761478424072,50,1,154
21:55:57.401584.6,281,-2.5257761478424072,50,1,154
21:55:57.401584.7,283,-2.5257761478424072,50,1,154
21:55:57.401584.8,292,-2.5257761478424072,50,1,154
21:55:57.401584.9,282,-2.5257761478424072,50,1,154
21:55:57.401584.10,65535,-2.5257761478424072,50,1,154
21:55:57.401584.11,283,-2.5257761478424072,50,1,154
21:55:57.401584.12,287,-2.5257761478424072,50,1,154
21:55:57.401584.13,286,-2.5257761478424072,50,1,154
21:55:57.401584.14,258,-2.5257761478424072,50,1,154
21:55:57.401584.15,284,-2.5257761478424072,50,1,154
21:55:57.456216.0,254,0.33486121892929077,51,1,154
21:55:57.456216.1,65535,0.33486121892929077,51,1,154
21:55:57.456216.2,263,0.33486121892929077,51,1,154
21:55:57.456216.3,292,0.33486121892929077,51,1,154
21:55:57.456216.4,287,0.33486121892929077,51,1,154
21:55:57.456216.5,278,0.33486121892929077,51,1,154
21:55:57.456216.6,299,0.33486121892929077,51,1,154
21:55:57.456216.7,283,0.33486121892929077,51,1,154
21:55:57.456216.8,65535,0.33486121892929077,51,1,154
21:55:57.456216.9,274,0.33486121892929077,51,1,154
21:55:57.456216.10,295,0.33486121892929077,51,1,154
21:55:57.456216.11,284,0.33486121892929077,51,1,154
21:55:57.456216.12,275,0.33486121892929077,51,1,154
21:55:57.456216.13,285,0.33486121892929077,51,1,154
21:55:57.456216.14,273,0.33486121892929077,51,1,154
21:55:57.456216.15,65535,0.33486121892929077,51,1,154
21:55:57.513152.0,269,-2.9344377517700195,52,1,154
21:55:57.513152.1,292,-2.9344377517700195,52,1,154
21:55:57.513152.2,275,-2.9344377517700195,52,1,154
21:55:57.513152.3,283,-2.9344377517700195,52,1,154
21:55:57.513152.4,271,-2.9344377517700195,52,1,154
21:55:57.513152.5,274,-2.9344377517700195,52,1,154
21:55:57.513152.6,65535,-2.9344377517700195,52,1,154
21:55:57.513152.7,285,-2.9344377517700195,52,1,154
21:55:57.513152.8,281,-2.9344377517700195,52,1,154
21:55:57.513152.9,279,-2.9344377517700195,52,1,154
21:55:57.513152.10,285,-2.9344377517700195,52,1,154
21:55:57.513152.11,274,-2.9344377517700195,52,1,154
21:55:57.513152.12,259,-2.9344377517700195,52,1,154
21:55:57.513152.13,65535,-2.9344377517700195,52,1,154
21:55:57.513152.14,295,-2.9344377517700195,52,1,154
21:55:57.513152.15,274,-2.9344377517700195,52,1,154
21:55:57.562776.0,292,-0.029525931924581528,53,1,154
21:55:57.562776.1,275,-0.029525931924581528,53,1,154
21:55:57.562776.2,300,-0.029525931924581528,53,1,154
21:55:57.562776.3,289,-0.029525931924581528,53,1,154
21:55:57.562776.4,65535,-0.029525931924581528,53,1,154
21:55:57.562776.5,288,-0.029525931924581528,53,1,154
21:55:57.562776.6,283,-0.029525931924581528,53,1,154
21:55:57.562776.7,284,-0.029525931924581528,53,1,154
21:55:57.562776.8,264,-0.029525931924581528,53,1,154
21:55:57.562776.9,288,-0.029525931924581528,53,1,154
21:55:57.562776.10,274,-0.029525931924581528,53,1,154
21:55:57.562776.11,65535,-0.029525931924581528,53,1,154
21:55:57.562776.12,293,-0.029525931924581528,53,1,154
21:55:57.562776.13,287,-0.029525931924581528,53,1,154
21:55:57.562776.14,269,-0.029525931924581528,53,1,154
21:55:57.562776.15,273,-0.029525931924581528,53,1,154
21:55:57.613468.0,282,-3.2715818881988525,54,1,154
21:55:57.613468.1,268,-3.2715818881988525,54,1,154
21:55:57.613468.2,65535,-3.2715818881988525,54,1,154
21:55:57.613468.3,271,-3.2715818881988525,54,1,154
21:55:57.613468.4,290,-3.2715818881988525,54,1,154
21:55:57.613468.5,266,-3.2715818881988525,54,1,154
21:55:57.613468.6,288,-3.2715818881988525,54,1,154
21:55:57.613468.7,288,-3.2715818881988525,54,1,154
21:55:57.613468.8,268,-3.2715818881988525,54,1,154
21:55:57.613468.9,65535,-3.2715818881988525,54,1,154
21:55:57.613468.10,287,-3.2715818881988525,54,1,154
21:55:57.613468.11,282,-3.2715818881988525,54,1,154
21:55:57.613468.12,263,-3.2715818881988525,54,1,154
21:55:57.613468.13,270,-3.2715818881988525,54,1,154
21:55:57.613468.14,292,-3.2715818881988525,54,1,154
21:55:57.613468.15,283,-3.2715818881988525,54,1,154
21:55:57.696310.0,269,-2.753939628601074,56,1,154
21:55:57.696310.1,274,-2.753939628601074,56,1,154
21:55:57.696310.2,284,-2.753939628601074,56,1,154
21:55:57.696310.3,268,-2.753939628601074,56,1,154
21:55:57.696310.4,292,-2.753939628601074,56,1,154
21:55:57.696310.5,269,-2.753939628601074,56,1,154
21:55:57.696310.6,270,-2.753939628601074,56,1,154
21:55:57.696310.7,282,-2.753939628601074,56,1,154
21:55:57.696310.8,284,-2.753939628601074,56,1,154
21:55:57.696310.9,276,-2.753939628601074,56,1,154
21:55:57.696310.10,279,-2.753939628601074,56,1,154
21:55:57.696310.11,297,-2.753939628601074,56,1,154
21:55:57.696310.12,278,-2.753939628601074,56,1,154
21:55:57.696310.13,65535,-2.753939628601074,56,1,154
21:55:57.696310.14,295,-2.753939628601074,56,1,154
21:55:57.696310.15,279,-2.753939628601074,56,1,154
21:55:57.748155.0,287,-5.968751907348633,57,1,154
21:55:57.748155.1,265,-5.968751907348633,57,1,154
21:55:57.748155.2,274,-5.968751907348633,57,1,154
21:55:57.748155.3,258,-5.968751907348633,57,1,154
21:55:57.748155.4,293,-5.968751907348633,57,1,154
21:55:57.748155.5,300,-5.968751907348633,57,1,154
21:55:57.748155.6,268,-5.968751907348633,57,1,154
21:55:57.748155.7,265,-5.968751907348633,57,1,154
21:55:57.748155.8,294,-5.968751907348633,57,1,154
21:55:57.748155.9,269,-5.968751907348633,57,1,154
21:55:57.748155.10,263,-5.968751907348633,57,1,154
21:55:57.748155.11,278,-5.968751907348633,57,1,154
21:55:57.748155.12,288,-5.968751907348633,57,1,154
21:55:57.748155.13,283,-5.968751907348633,57,1,154
21:55:57.748155.14,270,-5.968751907348633,57,1,154
21:55:57.748155.15,281,-5.968751907348633,57,1,154
21:55:57.806003.0,282,-2.6177191734313965,58,1,154
21:55:57.806003.1,276,-2.6177191734313965,58,1,154
21:55:57.806003.2,298,-2.6177191734313965,58,1,154
21:55:57.806003.3,282,-2.6177191734313965,58,1,154
21:55:57.806003.4,283,-2.6177191734313965,58,1,154
21:55:57.806003.5,281,-2.6177191734313965,58,1,154
21:55:57.806003.6,259,-2.6177191734313965,58,1,154
21:55:57.806003.7,261,-2.6177191734313965,58,1,154
21:55:57.806003.8,287,-2.6177191734313965,58,1,154
21:55:57.806003.9,286,-2.6177191734313965,58,1,154
21:55:57.806003.10,278,-2.6177191734313965,58,1,154
21:55:57.806003.11,288,-2.6177191734313965,58,1,154
21:55:57.806003.12,292,-2.6177191734313965,58,1,154
21:55:57.806003.13,284,-2.6177191734313965,58,1,154
21:55:57.806003.14,285,-2.6177191734313965,58,1,154
21:55:57.806003.15,282,-2.6177191734313965,58,1,154
21:55:57.855754.0,273,-5.423870086669922,59,1,154
21:55:57.855754.1,260,-5.423870086669922,59,1,154
21:55:57.855754.2,288,-5.423870086669922,59,1,154
21:55:57.855754.3,276,-5.423870086669922,59,1,154
21:55:57.855754.4,288,-5.423870086669922,59,1,154
21:55:57.855754.5,265,-5.423870086669922,59,1,154
21:55:57.855754.6,292,-5.423870086669922,59,1,154
21:55:57.855754.7,270,-5.423870086669922,59,1,154
21:55:57.855754.8,275,-5.423870086669922,59,1,154
21:55:57.855754.9,273,-5.423870086669922,59,1,154
21:55:57.855754.10,295,-5.423870086669922,59,1,154
21:55:57.855754.11,285,-5.423870086669922,59,1,154
21:55:57.855754.12,65535,-5.423870086669922,59,1,154
21:55:57.855754.13,290,-5.423870086669922,59,1,154
21:55:57.855754.14,288,-5.423870086669922,59,1,154
21:55:57.855754.15,286,-5.423870086669922,59,1,154
21:55:57.903640.0,278,-2.355496644973755,60,1,154
21:55:57.903640.1,282,-2.355496644973755,60,1,154
21:55:57.903640.2,270,-2.355496644973755,60,1,154
21:55:57.903640.3,282,-2.355496644973755,60,1,154
21:55:57.903640.4,269,-2.355496644973755,60,1,154
21:55:57.903640.5,283,-2.355496644973755,60,1,154
21:55:57.903640.6,274,-2.355496644973755,60,1,154
21:55:57.903640.7,285,-2.355496644973755,60,1,154
21:55:57.903640.8,283,-2.355496644973755,60,1,154
21:55:57.903640.9,284,-2.355496644973755,60,1,154
21:55:57.903640.10,295,-2.355496644973755,60,1,154
21:55:57.903640.11,65535,-2.355496644973755,60,1,154
21:55:57.903640.12,301,-2.355496644973755,60,1,154
21:55:57.903640.13,283,-2.355496644973755,60,1,154
21:55:57.903640.14,276,-2.355496644973755,60,1,154
21:55:57.903640.15,275,-2.355496644973755,60,1,154
